timestamp,symbol,price,bid,ask,volume
2026-04-13 20:23:00,BTCUSDT,73042.22,73005.69889,73078.74111,14.18965000
2026-04-13 20:24:00,BTCUSDT,73019.05,72982.540475,73055.559525,15.08241000
2026-04-13 20:25:00,BTCUSDT,73066.21,73029.67689500001,73102.743105,11.95845000
2026-04-13 20:26:00,BTCUSDT,73070.0,73033.46500000001,73106.53499999999,9.99117000
2026-04-13 20:27:00,BTCUSDT,73068.54,73032.00573,73105.07426999998,13.91713000
2026-04-13 20:28:00,BTCUSDT,73097.03,73060.481485,73133.578515,8.70716000
2026-04-13 20:29:00,BTCUSDT,73097.0,73060.45150000001,73133.54849999999,19.51830000
2026-04-13 20:30:00,BTCUSDT,73113.92,73077.36304,73150.47696,25.21944000
2026-04-13 20:31:00,BTCUSDT,73082.57,73046.02871500001,73119.111285,12.03348000
2026-04-13 20:32:00,BTCUSDT,73121.47,73084.90926500001,73158.030735,14.61595000
2026-04-13 20:33:00,BTCUSDT,73172.71,73136.12364500001,73209.296355,13.44337000
2026-04-13 20:34:00,BTCUSDT,73221.33,73184.719335,73257.940665,8.78865000
2026-04-13 20:35:00,BTCUSDT,73185.36,73148.76732,73221.95268,13.87211000
2026-04-13 20:36:00,BTCUSDT,73240.24,73203.61988000001,73276.86012,13.56747000
2026-04-13 20:37:00,BTCUSDT,73271.21,73234.574395,73307.84560500001,7.69067000
2026-04-13 20:38:00,BTCUSDT,73208.73,73172.125635,73245.33436499999,25.58847000
2026-04-13 20:39:00,BTCUSDT,73139.12,73102.55044,73175.68955999998,19.95930000
2026-04-13 20:40:00,BTCUSDT,73211.14,73174.53443,73247.74557,13.39953000
2026-04-13 20:41:00,BTCUSDT,73180.33,73143.739835,73216.920165,4.23756000
2026-04-13 20:42:00,BTCUSDT,73177.76,73141.17112,73214.34887999999,8.05263000
2026-04-13 20:43:00,BTCUSDT,73213.0,73176.3935,73249.6065,40.74243000
2026-04-13 20:44:00,BTCUSDT,73219.63,73183.02018500002,73256.239815,13.73627000
2026-04-13 20:45:00,BTCUSDT,73176.03,73139.441985,73212.618015,19.85148000
2026-04-13 20:46:00,BTCUSDT,73237.46,73200.84127,73274.07873000001,9.40561000
2026-04-13 20:47:00,BTCUSDT,73237.46,73200.84127,73274.07873000001,15.82549000
2026-04-13 20:48:00,BTCUSDT,73227.81,73191.196095,73264.42390499999,14.38467000
2026-04-13 20:49:00,BTCUSDT,73189.25,73152.655375,73225.844625,15.45460000
2026-04-13 20:50:00,BTCUSDT,73176.12,73139.53194,73212.70805999999,14.74494000
2026-04-13 20:51:00,BTCUSDT,73122.5,73085.93875,73159.06125,14.90044000
2026-04-13 20:52:00,BTCUSDT,73122.66,73086.09867,73159.22133,6.81836000
2026-04-13 20:53:00,BTCUSDT,73097.09,73060.541455,73133.638545,7.91274000
2026-04-13 20:54:00,BTCUSDT,73093.69,73057.14315500001,73130.23684499999,18.85585000
2026-04-13 20:55:00,BTCUSDT,73145.0,73108.4275,73181.5725,19.27125000
2026-04-13 20:56:00,BTCUSDT,73146.54,73109.96673,73183.11326999999,18.62858000
2026-04-13 20:57:00,BTCUSDT,73181.91,73145.31904500001,73218.500955,6.86563000
2026-04-13 20:58:00,BTCUSDT,73169.59,73133.005205,73206.174795,8.56574000
2026-04-13 20:59:00,BTCUSDT,73149.36,73112.78532000001,73185.93467999999,4.74612000
2026-04-13 21:00:00,BTCUSDT,73131.94,73095.37403,73168.50597,6.96566000
2026-04-13 21:01:00,BTCUSDT,73136.57,73100.001715,73173.13828500001,3.67401000
2026-04-13 21:02:00,BTCUSDT,73104.0,73067.448,73140.552,14.93724000
2026-04-13 21:03:00,BTCUSDT,73144.42,73107.84779,73180.99221,18.97247000
2026-04-13 21:04:00,BTCUSDT,73092.14,73055.59393,73128.68607,8.01254000
2026-04-13 21:05:00,BTCUSDT,73120.08,73083.51996,73156.64004,15.44365000
2026-04-13 21:06:00,BTCUSDT,73183.71,73147.11814500001,73220.301855,7.90799000
2026-04-13 21:07:00,BTCUSDT,73168.01,73131.425995,73204.59400499999,3.30940000
2026-04-13 21:08:00,BTCUSDT,73186.61,73150.016695,73223.203305,4.26913000
2026-04-13 21:09:00,BTCUSDT,73206.19,73169.586905,73242.793095,4.94053000
2026-04-13 21:10:00,BTCUSDT,73261.07,73224.43946500002,73297.700535,10.58288000
2026-04-13 21:11:00,BTCUSDT,73248.32,73211.69584000001,73284.94416,3.88064000
2026-04-13 21:12:00,BTCUSDT,73284.74,73248.09763,73321.38237,16.00674000
2026-04-13 21:13:00,BTCUSDT,73259.09,73222.46045500001,73295.71954499999,15.51545000
2026-04-13 21:14:00,BTCUSDT,73224.02,73187.40799,73260.63201,6.36141000
2026-04-13 21:15:00,BTCUSDT,73277.24,73240.60138000001,73313.87862,9.72762000
2026-04-13 21:16:00,BTCUSDT,73258.01,73221.380995,73294.63900499999,2.49226000
2026-04-13 21:17:00,BTCUSDT,73208.29,73171.685855,73244.89414499998,7.87514000
2026-04-13 21:18:00,BTCUSDT,73194.3,73157.70285,73230.89715,12.31709000
2026-04-13 21:19:00,BTCUSDT,73150.0,73113.425,73186.575,11.78530000
2026-04-13 21:20:00,BTCUSDT,73146.97,73110.396515,73183.543485,3.21330000
2026-04-13 21:21:00,BTCUSDT,73171.19,73134.604405,73207.775595,6.08017000
2026-04-13 21:22:00,BTCUSDT,73160.0,73123.42,73196.58,2.67729000
2026-04-13 21:23:00,BTCUSDT,73148.31,73111.735845,73184.88415499999,7.97232000
2026-04-13 21:24:00,BTCUSDT,73156.99,73120.41150500001,73193.568495,7.18029000
2026-04-13 21:25:00,BTCUSDT,73143.85,73107.27807500001,73180.421925,4.12685000
2026-04-13 21:26:00,BTCUSDT,73148.24,73111.66588000002,73184.81412,2.27050000
2026-04-13 21:27:00,BTCUSDT,73143.16,73106.58842000001,73179.73157999999,3.39039000
2026-04-13 21:28:00,BTCUSDT,73132.85,73096.28357500001,73169.416425,2.74926000
2026-04-13 21:29:00,BTCUSDT,73127.2,73090.6364,73163.76359999999,2.90147000
2026-04-13 21:30:00,BTCUSDT,73141.09,73104.519455,73177.66054499999,16.64267000
2026-04-13 21:31:00,BTCUSDT,73106.76,73070.20662,73143.31337999999,2.84080000
2026-04-13 21:32:00,BTCUSDT,73148.25,73111.675875,73184.824125,4.82973000
2026-04-13 21:33:00,BTCUSDT,73215.0,73178.3925,73251.6075,11.78556000
2026-04-13 21:34:00,BTCUSDT,73200.29,73163.689855,73236.89014499998,5.92774000
2026-04-13 21:35:00,BTCUSDT,73200.29,73163.689855,73236.89014499998,1.74257000
2026-04-13 21:36:00,BTCUSDT,73241.98,73205.35901,73278.60098999999,7.18122000
2026-04-13 21:37:00,BTCUSDT,73210.0,73173.395,73246.605,2.32546000
2026-04-13 21:38:00,BTCUSDT,73263.52,73226.88824000001,73300.15176,6.80048000
2026-04-13 21:39:00,BTCUSDT,73272.69,73236.05365500001,73309.326345,1.61746000
2026-04-13 21:40:00,BTCUSDT,73280.52,73243.87974,73317.16026,3.23227000
2026-04-13 21:41:00,BTCUSDT,73364.68,73327.99766,73401.36233999999,12.05050000
2026-04-13 21:42:00,BTCUSDT,73315.17,73278.512415,73351.82758499999,6.85078000
2026-04-13 21:43:00,BTCUSDT,73271.44,73234.80428000001,73308.07572,2.58714000
2026-04-13 21:44:00,BTCUSDT,73265.68,73229.04716,73302.31283999998,3.37109000
2026-04-13 21:45:00,BTCUSDT,73200.48,73163.87976,73237.08024,8.00944000
2026-04-13 21:46:00,BTCUSDT,73209.41,73172.80529500001,73246.014705,7.68706000
2026-04-13 21:47:00,BTCUSDT,73200.0,73163.40000000001,73236.59999999999,3.33423000
2026-04-13 21:48:00,BTCUSDT,73216.61,73180.001695,73253.218305,8.99237000
2026-04-13 21:49:00,BTCUSDT,73264.36,73227.72782,73300.99218,5.29240000
2026-04-13 21:50:00,BTCUSDT,73234.07,73197.452965,73270.68703500001,3.34088000
2026-04-13 21:51:00,BTCUSDT,73248.46,73211.83577,73285.08423000001,7.12461000
2026-04-13 21:52:00,BTCUSDT,73236.59,73199.971705,73273.20829499999,3.82797000
2026-04-13 21:53:00,BTCUSDT,73247.91,73211.286045,73284.533955,3.41117000
2026-04-13 21:54:00,BTCUSDT,73234.96,73198.34252,73271.57748,4.11056000
2026-04-13 21:55:00,BTCUSDT,73189.17,73152.575415,73225.764585,6.11386000
2026-04-13 21:56:00,BTCUSDT,73211.8,73175.19410000001,73248.4059,2.97659000
2026-04-13 21:57:00,BTCUSDT,73219.81,73183.20009500001,73256.41990499999,2.88038000
2026-04-13 21:58:00,BTCUSDT,73206.05,73169.44697500001,73242.65302499999,2.01419000
2026-04-13 21:59:00,BTCUSDT,73179.71,73143.12014500001,73216.299855,1.46210000
2026-04-13 22:00:00,BTCUSDT,73249.44,73212.81528000001,73286.06472,19.18151000
2026-04-13 22:01:00,BTCUSDT,73284.52,73247.87774000001,73321.16226,13.04363000
2026-04-13 22:02:00,BTCUSDT,73274.31,73237.67284500001,73310.94715499999,5.29020000
2026-04-13 22:03:00,BTCUSDT,73312.5,73275.84375,73349.15625,7.47786000
2026-04-13 22:04:00,BTCUSDT,73295.0,73258.35250000001,73331.64749999999,3.07052000
2026-04-13 22:05:00,BTCUSDT,73350.0,73313.325,73386.675,5.94154000
2026-04-13 22:06:00,BTCUSDT,73511.33,73474.57433500001,73548.08566499999,53.72345000
2026-04-13 22:07:00,BTCUSDT,73509.91,73473.155045,73546.664955,30.40526000
2026-04-13 22:08:00,BTCUSDT,73407.16,73370.45642,73443.86358,11.87510000
2026-04-13 22:09:00,BTCUSDT,73329.97,73293.305015,73366.634985,15.99731000
2026-04-13 22:10:00,BTCUSDT,73321.4,73284.7393,73358.06069999999,18.58036000
2026-04-13 22:11:00,BTCUSDT,73444.38,73407.65781,73481.10219,12.63716000
2026-04-13 22:12:00,BTCUSDT,73456.7,73419.97165,73493.42834999999,3.36740000
2026-04-13 22:13:00,BTCUSDT,73584.24,73547.44788,73621.03212,17.92517000
2026-04-13 22:14:00,BTCUSDT,73753.26,73716.38337,73790.13663,329.93456000
2026-04-13 22:15:00,BTCUSDT,73854.18,73817.25291,73891.10708999999,49.42801000
2026-04-13 22:16:00,BTCUSDT,74420.14,74382.92993,74457.35007,634.43485000
2026-04-13 22:17:00,BTCUSDT,74160.42,74123.33979,74197.50021,226.76375000
2026-04-13 22:18:00,BTCUSDT,74232.28,74195.16386,74269.39614,118.04241000
2026-04-13 22:19:00,BTCUSDT,74188.8,74151.7056,74225.8944,38.30754000
2026-04-13 22:20:00,BTCUSDT,74158.0,74120.921,74195.079,136.09627000
2026-04-13 22:21:00,BTCUSDT,74114.0,74076.943,74151.057,75.14259000
2026-04-13 22:22:00,BTCUSDT,74189.52,74152.42524000001,74226.61476,40.97134000
2026-04-13 22:23:00,BTCUSDT,74329.48,74292.31526,74366.64473999999,30.55420000
2026-04-13 22:24:00,BTCUSDT,74235.62,74198.50219,74272.73780999999,57.50405000
2026-04-13 22:25:00,BTCUSDT,74210.0,74172.895,74247.105,30.02927000
2026-04-13 22:26:00,BTCUSDT,74172.0,74134.914,74209.086,16.55634000
2026-04-13 22:27:00,BTCUSDT,74122.09,74085.028955,74159.15104499999,14.72398000
2026-04-13 22:28:00,BTCUSDT,74113.42,74076.36329000001,74150.47670999999,67.64970000
2026-04-13 22:29:00,BTCUSDT,74134.65,74097.582675,74171.71732499999,6.70755000
2026-04-13 22:30:00,BTCUSDT,74287.96,74250.81602000001,74325.10398,56.05489000
2026-04-13 22:31:00,BTCUSDT,74319.02,74281.86049,74356.17951,37.64152000
2026-04-13 22:32:00,BTCUSDT,74211.42,74174.31429000001,74248.52570999999,42.84992000
2026-04-13 22:33:00,BTCUSDT,74271.66,74234.52417,74308.79583,19.43516000
2026-04-13 22:34:00,BTCUSDT,74290.0,74252.85500000001,74327.14499999999,28.75392000
2026-04-13 22:35:00,BTCUSDT,74286.9,74249.75655,74324.04344999998,15.50628000
2026-04-13 22:36:00,BTCUSDT,74210.47,74173.364765,74247.575235,9.63853000
2026-04-13 22:37:00,BTCUSDT,74185.51,74148.417245,74222.60275499999,52.26357000
2026-04-13 22:38:00,BTCUSDT,74119.79,74082.730105,74156.84989499999,60.60021000
2026-04-13 22:39:00,BTCUSDT,74109.27,74072.21536500001,74146.324635,24.78000000
2026-04-13 22:40:00,BTCUSDT,74187.77,74150.67611500001,74224.863885,12.01247000
2026-04-13 22:41:00,BTCUSDT,74237.06,74199.94147,74274.17852999999,12.41429000
2026-04-13 22:42:00,BTCUSDT,74138.18,74101.11091,74175.24908999998,13.46195000
2026-04-13 22:43:00,BTCUSDT,74191.31,74154.214345,74228.405655,7.33497000
2026-04-13 22:44:00,BTCUSDT,74259.99,74222.86000500001,74297.119995,23.23546000
2026-04-13 22:45:00,BTCUSDT,74197.32,74160.22134000002,74234.41866,45.89249000
2026-04-13 22:46:00,BTCUSDT,74211.0,74173.89450000001,74248.10549999999,8.50641000
2026-04-13 22:47:00,BTCUSDT,74219.4,74182.2903,74256.5097,12.14389000
2026-04-13 22:48:00,BTCUSDT,74327.44,74290.27628,74364.60372,36.91387000
2026-04-13 22:49:00,BTCUSDT,74337.41,74300.24129500001,74374.57870499999,68.40799000
2026-04-13 22:50:00,BTCUSDT,74383.2,74346.0084,74420.39159999999,30.68937000
2026-04-13 22:51:00,BTCUSDT,74352.26,74315.08387,74389.43612999999,19.34177000
2026-04-13 22:52:00,BTCUSDT,74457.79,74420.561105,74495.01889499999,19.88392000
2026-04-13 22:53:00,BTCUSDT,74572.68,74535.39366,74609.96633999998,203.72252000
2026-04-13 22:54:00,BTCUSDT,74643.84,74606.51808,74681.16192,124.10094000
2026-04-13 22:55:00,BTCUSDT,74656.01,74618.68199499999,74693.338005,70.04456000
2026-04-13 22:56:00,BTCUSDT,74662.85,74625.51857500001,74700.181425,59.39537000
2026-04-13 22:57:00,BTCUSDT,74673.14,74635.80343,74710.47657,52.76705000
2026-04-13 22:58:00,BTCUSDT,74611.1,74573.79445000002,74648.40555,25.15181000
2026-04-13 22:59:00,BTCUSDT,74627.04,74589.72648,74664.35351999999,14.29958000
2026-04-13 23:00:00,BTCUSDT,74505.97,74468.717015,74543.222985,33.47327000
2026-04-13 23:01:00,BTCUSDT,74508.14,74470.88593,74545.39407,38.31617000
2026-04-13 23:02:00,BTCUSDT,74492.98,74455.73351,74530.22648999999,19.81755000
2026-04-13 23:03:00,BTCUSDT,74531.74,74494.47413,74569.00587000001,15.68106000
2026-04-13 23:04:00,BTCUSDT,74642.7,74605.37865,74680.02135,48.40591000
2026-04-13 23:05:00,BTCUSDT,74623.2,74585.8884,74660.5116,15.32990000
2026-04-13 23:06:00,BTCUSDT,74596.17,74558.871915,74633.468085,3.99650000
2026-04-13 23:07:00,BTCUSDT,74602.35,74565.048825,74639.651175,12.34848000
2026-04-13 23:08:00,BTCUSDT,74640.0,74602.68000000001,74677.31999999999,32.97730000
2026-04-13 23:09:00,BTCUSDT,74752.28,74714.90386,74789.65613999999,43.84893000
2026-04-13 23:10:00,BTCUSDT,74719.06,74681.70047,74756.41953,103.97194000
2026-04-13 23:11:00,BTCUSDT,74666.77,74629.43661500001,74704.103385,22.24487000
2026-04-13 23:12:00,BTCUSDT,74693.99,74656.643005,74731.336995,10.47891000
2026-04-13 23:13:00,BTCUSDT,74734.4,74697.0328,74771.76719999999,13.36146000
2026-04-13 23:14:00,BTCUSDT,74653.32,74615.99334000002,74690.64666,42.49300000
2026-04-13 23:15:00,BTCUSDT,74709.36,74672.00532000001,74746.71467999999,68.84237000
2026-04-13 23:16:00,BTCUSDT,74660.61,74623.279695,74697.940305,48.11660000
2026-04-13 23:17:00,BTCUSDT,74574.91,74537.622545,74612.197455,25.90581000
2026-04-13 23:18:00,BTCUSDT,74531.76,74494.49412,74569.02587999999,14.14950000
2026-04-13 23:19:00,BTCUSDT,74613.24,74575.93338,74650.54662000001,30.72699000
2026-04-13 23:20:00,BTCUSDT,74767.56,74730.17622000001,74804.94377999999,67.48963000
2026-04-13 23:21:00,BTCUSDT,74719.99,74682.63000500001,74757.349995,39.83249000
2026-04-13 23:22:00,BTCUSDT,74665.71,74628.377145,74703.042855,26.32359000
2026-04-13 23:23:00,BTCUSDT,74715.59,74678.23220500001,74752.94779499999,25.75062000
2026-04-13 23:24:00,BTCUSDT,74607.22,74569.91639,74644.52361,37.85639000
2026-04-13 23:25:00,BTCUSDT,74711.95,74674.594025,74749.305975,17.73763000
2026-04-13 23:26:00,BTCUSDT,74796.99,74759.591505,74834.388495,53.21722000
2026-04-13 23:27:00,BTCUSDT,74637.19,74599.87140500001,74674.50859499999,74.68843000
2026-04-13 23:28:00,BTCUSDT,74651.75,74614.424125,74689.075875,20.12108000
2026-04-13 23:29:00,BTCUSDT,74730.84,74693.47458,74768.20542,39.86526000
2026-04-13 23:30:00,BTCUSDT,74812.16,74774.75392,74849.56608,36.22730000
2026-04-13 23:31:00,BTCUSDT,74651.53,74614.204235,74688.855765,32.54788000
2026-04-13 23:32:00,BTCUSDT,74619.17,74581.860415,74656.479585,16.11410000
2026-04-13 23:33:00,BTCUSDT,74699.21,74661.86039500001,74736.559605,48.48604000
2026-04-13 23:34:00,BTCUSDT,74787.2,74749.8064,74824.5936,44.64892000
2026-04-13 23:35:00,BTCUSDT,74768.79,74731.40560499999,74806.174395,7.47790000
2026-04-13 23:36:00,BTCUSDT,74800.89,74763.48955500001,74838.29044499999,13.16391000
2026-04-13 23:37:00,BTCUSDT,74801.69,74764.289155,74839.090845,15.29844000
2026-04-13 23:38:00,BTCUSDT,74766.75,74729.36662500001,74804.13337499999,10.73909000
2026-04-13 23:39:00,BTCUSDT,74697.2,74659.8514,74734.5486,12.81505000
2026-04-13 23:40:00,BTCUSDT,74645.19,74607.86740500001,74682.512595,16.45228000
2026-04-13 23:41:00,BTCUSDT,74593.01,74555.713495,74630.30650499999,21.78918000
2026-04-13 23:42:00,BTCUSDT,74597.59,74560.291205,74634.88879499999,21.69373000
2026-04-13 23:43:00,BTCUSDT,74575.88,74538.59206000001,74613.16794,16.48941000
2026-04-13 23:44:00,BTCUSDT,74562.65,74525.368675,74599.93132499998,15.03475000
2026-04-13 23:45:00,BTCUSDT,74566.77,74529.486615,74604.053385,12.73850000
2026-04-13 23:46:00,BTCUSDT,74522.29,74485.028855,74559.55114499999,15.99034000
2026-04-13 23:47:00,BTCUSDT,74590.0,74552.705,74627.295,23.53086000
2026-04-13 23:48:00,BTCUSDT,74550.97,74513.69451500001,74588.24548499999,15.66480000
2026-04-13 23:49:00,BTCUSDT,74493.03,74455.783485,74530.27651499999,15.64983000
2026-04-13 23:50:00,BTCUSDT,74498.9,74461.65054999999,74536.14945,20.00490000
2026-04-13 23:51:00,BTCUSDT,74470.12,74432.88494,74507.35505999999,13.16990000
2026-04-13 23:52:00,BTCUSDT,74530.12,74492.85494,74567.38505999999,26.07752000
2026-04-13 23:53:00,BTCUSDT,74531.35,74494.084325,74568.61567500001,11.62371000
2026-04-13 23:54:00,BTCUSDT,74566.53,74529.24673500001,74603.81326499999,34.44151000
2026-04-13 23:55:00,BTCUSDT,74553.0,74515.72350000001,74590.27649999999,8.73878000
2026-04-13 23:56:00,BTCUSDT,74560.8,74523.51960000001,74598.08039999999,7.17342000
2026-04-13 23:57:00,BTCUSDT,74511.48,74474.22426,74548.73573999999,32.96728000
2026-04-13 23:58:00,BTCUSDT,74465.11,74427.877445,74502.342555,23.55516000
2026-04-13 23:59:00,BTCUSDT,74417.99,74380.78100500001,74455.198995,28.46870000
2026-04-14 00:00:00,BTCUSDT,74453.77,74416.54311500001,74490.996885,36.51157000
2026-04-14 00:01:00,BTCUSDT,74470.5,74433.26475,74507.73525,22.34757000
2026-04-14 00:02:00,BTCUSDT,74517.31,74480.051345,74554.568655,17.53194000
2026-04-14 00:03:00,BTCUSDT,74483.15,74445.908425,74520.39157499999,13.71312000
2026-04-14 00:04:00,BTCUSDT,74446.05,74408.826975,74483.273025,11.70080000
2026-04-14 00:05:00,BTCUSDT,74383.92,74346.72804,74421.11196,14.46477000
2026-04-14 00:06:00,BTCUSDT,74384.2,74347.0079,74421.3921,8.97988000
2026-04-14 00:07:00,BTCUSDT,74368.73,74331.545635,74405.91436499999,9.70896000
2026-04-14 00:08:00,BTCUSDT,74353.31,74316.133345,74390.486655,28.98125000
2026-04-14 00:09:00,BTCUSDT,74328.49,74291.32575500001,74365.654245,9.45486000
2026-04-14 00:10:00,BTCUSDT,74322.29,74285.128855,74359.45114499998,12.57980000
2026-04-14 00:11:00,BTCUSDT,74244.42,74207.29779,74281.54221,43.06688000
2026-04-14 00:12:00,BTCUSDT,74298.91,74261.76054500001,74336.059455,21.21778000
2026-04-14 00:13:00,BTCUSDT,74295.49,74258.34225500001,74332.637745,13.65237000
2026-04-14 00:14:00,BTCUSDT,74338.01,74300.840995,74375.17900499998,89.64911000
2026-04-14 00:15:00,BTCUSDT,74352.67,74315.493665,74389.846335,95.07855000
2026-04-14 00:16:00,BTCUSDT,74366.77,74329.58661500001,74403.953385,13.02874000
2026-04-14 00:17:00,BTCUSDT,74452.12,74414.89394,74489.34606,22.34768000
2026-04-14 00:18:00,BTCUSDT,74410.48,74373.27476,74447.68523999999,18.76115000
2026-04-14 00:19:00,BTCUSDT,74396.09,74358.891955,74433.288045,17.37604000
2026-04-14 00:20:00,BTCUSDT,74360.27,74323.089865,74397.450135,12.95937000
2026-04-14 00:21:00,BTCUSDT,74303.55,74266.39822500001,74340.701775,27.49966000
2026-04-14 00:22:00,BTCUSDT,74282.75,74245.60862500001,74319.89137499999,9.46586000
2026-04-14 00:23:00,BTCUSDT,74285.04,74247.89748,74322.18251999999,25.32991000
2026-04-14 00:24:00,BTCUSDT,74301.17,74264.019415,74338.320585,6.72355000
2026-04-14 00:25:00,BTCUSDT,74273.45,74236.31327500001,74310.58672499999,5.91307000
2026-04-14 00:26:00,BTCUSDT,74229.29,74192.175355,74266.40464499999,16.74879000
2026-04-14 00:27:00,BTCUSDT,74271.91,74234.77404500001,74309.045955,9.69346000
2026-04-14 00:28:00,BTCUSDT,74231.57,74194.454215,74268.68578500001,51.80448000
2026-04-14 00:29:00,BTCUSDT,74259.61,74222.48019500001,74296.73980499999,12.09106000
2026-04-14 00:30:00,BTCUSDT,74287.57,74250.42621500001,74324.713785,9.97996000
2026-04-14 00:31:00,BTCUSDT,74218.35,74181.24082500002,74255.459175,37.76880000
2026-04-14 00:32:00,BTCUSDT,74227.6,74190.48620000001,74264.7138,12.15268000
2026-04-14 00:33:00,BTCUSDT,74189.8,74152.7051,74226.8949,44.53040000
2026-04-14 00:34:00,BTCUSDT,74228.09,74190.975955,74265.20404499999,9.51764000
2026-04-14 00:35:00,BTCUSDT,74282.0,74244.85900000001,74319.14099999999,13.80061000
2026-04-14 00:36:00,BTCUSDT,74367.08,74329.89646,74404.26354,18.89215000
2026-04-14 00:37:00,BTCUSDT,74355.67,74318.492165,74392.847835,10.59801000
2026-04-14 00:38:00,BTCUSDT,74404.36,74367.15782000001,74441.56218,9.00771000
2026-04-14 00:39:00,BTCUSDT,74387.54,74350.34623,74424.73376999999,12.11622000
2026-04-14 00:40:00,BTCUSDT,74369.16,74331.97542,74406.34458,3.37864000
2026-04-14 00:41:00,BTCUSDT,74375.84,74338.65208,74413.02792,5.34871000
2026-04-14 00:42:00,BTCUSDT,74408.01,74370.805995,74445.21400499999,38.61325000
2026-04-14 00:43:00,BTCUSDT,74373.44,74336.25328,74410.62672,5.91717000
2026-04-14 00:44:00,BTCUSDT,74422.87,74385.658565,74460.08143499999,8.74691000
2026-04-14 00:45:00,BTCUSDT,74422.26,74385.04887,74459.47112999999,10.28875000
2026-04-14 00:46:00,BTCUSDT,74315.1,74277.94245000002,74352.25755,14.47552000
2026-04-14 00:47:00,BTCUSDT,74273.46,74236.32327000001,74310.59673,17.88834000
2026-04-14 00:48:00,BTCUSDT,74290.32,74253.17484,74327.46516,12.77406000
2026-04-14 00:49:00,BTCUSDT,74282.77,74245.62861500001,74319.911385,7.13747000
2026-04-14 00:50:00,BTCUSDT,74174.09,74137.002955,74211.17704499999,40.01914000
2026-04-14 00:51:00,BTCUSDT,74180.36,74143.26982,74217.45018,15.89985000
2026-04-14 00:52:00,BTCUSDT,74177.54,74140.45122999999,74214.62877,53.01241000
2026-04-14 00:53:00,BTCUSDT,74139.71,74102.64014500001,74176.779855,7.08033000
2026-04-14 00:54:00,BTCUSDT,74150.14,74113.06493000001,74187.21506999999,24.75050000
2026-04-14 00:55:00,BTCUSDT,74156.28,74119.20186,74193.35814,6.94495000
2026-04-14 00:56:00,BTCUSDT,74179.02,74141.93049000001,74216.10951,15.40382000
2026-04-14 00:57:00,BTCUSDT,74143.96,74106.88802000001,74181.03198,11.55977000
2026-04-14 00:58:00,BTCUSDT,74138.31,74101.24084500001,74175.37915499999,26.13994000
2026-04-14 00:59:00,BTCUSDT,74163.82,74126.73809000001,74200.90191,74.33284000
2026-04-14 01:00:00,BTCUSDT,74097.9,74060.85105,74134.94894999999,104.50579000
2026-04-14 01:01:00,BTCUSDT,74054.21,74017.182895,74091.23710500001,127.81718000
2026-04-14 01:02:00,BTCUSDT,74091.04,74053.99448,74128.08552,32.32863000
2026-04-14 01:03:00,BTCUSDT,74098.4,74061.3508,74135.44919999999,13.71160000
2026-04-14 01:04:00,BTCUSDT,74157.27,74120.191365,74194.348635,13.04371000
2026-04-14 01:05:00,BTCUSDT,74196.99,74159.891505,74234.088495,11.66282000
2026-04-14 01:06:00,BTCUSDT,74249.99,74212.86500500001,74287.114995,48.41340000
2026-04-14 01:07:00,BTCUSDT,74210.77,74173.664615,74247.875385,13.46110000
2026-04-14 01:08:00,BTCUSDT,74226.95,74189.836525,74264.06347499999,7.97833000
2026-04-14 01:09:00,BTCUSDT,74269.47,74232.335265,74306.604735,12.02926000
2026-04-14 01:10:00,BTCUSDT,74253.98,74216.85301,74291.10698999999,9.67052000
2026-04-14 01:11:00,BTCUSDT,74253.25,74216.12337500001,74290.37662499999,6.67691000
2026-04-14 01:12:00,BTCUSDT,74230.0,74192.88500000001,74267.11499999999,7.51822000
2026-04-14 01:13:00,BTCUSDT,74237.22,74200.10139000001,74274.33860999999,7.81572000
2026-04-14 01:14:00,BTCUSDT,74299.99,74262.840005,74337.139995,15.47001000
2026-04-14 01:15:00,BTCUSDT,74253.79,74216.663105,74290.91689499999,10.46220000
2026-04-14 01:16:00,BTCUSDT,74233.39,74196.27330500001,74270.50669499999,6.18431000
2026-04-14 01:17:00,BTCUSDT,74248.88,74211.75556,74286.00444,6.48370000
2026-04-14 01:18:00,BTCUSDT,74248.87,74211.745565,74285.99443499999,16.00668000
2026-04-14 01:19:00,BTCUSDT,74309.0,74271.84550000001,74346.15449999999,89.64850000
2026-04-14 01:20:00,BTCUSDT,74292.14,74254.99393,74329.28607,95.51531000
2026-04-14 01:21:00,BTCUSDT,74314.36,74277.20282,74351.51718,7.12640000
2026-04-14 01:22:00,BTCUSDT,74328.27,74291.105865,74365.434135,12.20132000
2026-04-14 01:23:00,BTCUSDT,74332.93,74295.76353499999,74370.096465,11.07522000
2026-04-14 01:24:00,BTCUSDT,74300.0,74262.85,74337.15,94.11838000
2026-04-14 01:25:00,BTCUSDT,74285.73,74248.587135,74322.872865,113.34173000
2026-04-14 01:26:00,BTCUSDT,74268.15,74231.015925,74305.28407499999,6.38824000
2026-04-14 01:27:00,BTCUSDT,74290.52,74253.37474000001,74327.66526,3.92182000
2026-04-14 01:28:00,BTCUSDT,74300.65,74263.499675,74337.80032499999,2.37265000
2026-04-14 01:29:00,BTCUSDT,74297.5,74260.35125,74334.64875,3.42901000
2026-04-14 01:30:00,BTCUSDT,74268.75,74231.615625,74305.884375,3.34015000
2026-04-14 01:31:00,BTCUSDT,74284.67,74247.527665,74321.812335,7.54149000
2026-04-14 01:32:00,BTCUSDT,74262.14,74225.00893,74299.27107,4.16774000
2026-04-14 01:33:00,BTCUSDT,74249.37,74212.245315,74286.494685,4.78461000
2026-04-14 01:34:00,BTCUSDT,74240.74,74203.61963000002,74277.86037,7.57867000
2026-04-14 01:35:00,BTCUSDT,74256.29,74219.161855,74293.41814499999,3.31190000
2026-04-14 01:36:00,BTCUSDT,74277.75,74240.61112500001,74314.88887499999,9.28321000
2026-04-14 01:37:00,BTCUSDT,74240.01,74202.889995,74277.13000499998,1.90480000
2026-04-14 01:38:00,BTCUSDT,74249.34,74212.21533,74286.46466999999,4.69106000
2026-04-14 01:39:00,BTCUSDT,74262.36,74225.22882,74299.49118,4.68694000
2026-04-14 01:40:00,BTCUSDT,74259.27,74222.14036500001,74296.399635,3.28678000
2026-04-14 01:41:00,BTCUSDT,74288.63,74251.485685,74325.774315,2.94495000
2026-04-14 01:42:00,BTCUSDT,74273.87,74236.733065,74311.006935,7.58142000
2026-04-14 01:43:00,BTCUSDT,74328.18,74291.01591,74365.34408999998,7.99519000
2026-04-14 01:44:00,BTCUSDT,74322.27,74285.108865,74359.431135,2.00668000
2026-04-14 01:45:00,BTCUSDT,74360.91,74323.72954500001,74398.090455,4.22692000
2026-04-14 01:46:00,BTCUSDT,74364.78,74327.59761,74401.96239,5.43224000
2026-04-14 01:47:00,BTCUSDT,74335.65,74298.482175,74372.81782499999,1.99627000
2026-04-14 01:48:00,BTCUSDT,74329.72,74292.55514000001,74366.88485999999,6.38496000
2026-04-14 01:49:00,BTCUSDT,74350.33,74313.15483500001,74387.505165,7.86221000
2026-04-14 01:50:00,BTCUSDT,74351.87,74314.694065,74389.04593499999,5.76676000
2026-04-14 01:51:00,BTCUSDT,74380.78,74343.58961000001,74417.97038999999,9.55228000
2026-04-14 01:52:00,BTCUSDT,74376.39,74339.201805,74413.578195,2.50617000
2026-04-14 01:53:00,BTCUSDT,74407.84,74370.63608,74445.04392,10.71352000
2026-04-14 01:54:00,BTCUSDT,74404.6,74367.39770000002,74441.8023,3.76672000
2026-04-14 01:55:00,BTCUSDT,74407.57,74370.36621500002,74444.773785,3.60343000
2026-04-14 01:56:00,BTCUSDT,74368.2,74331.0159,74405.3841,3.55189000
2026-04-14 01:57:00,BTCUSDT,74362.0,74324.819,74399.181,2.43340000
2026-04-14 01:58:00,BTCUSDT,74356.38,74319.20181000001,74393.55819,5.70795000
2026-04-14 01:59:00,BTCUSDT,74386.02,74348.82699,74423.21301,6.17412000
2026-04-14 02:00:00,BTCUSDT,74361.46,74324.27927000001,74398.64073,5.50215000
2026-04-14 02:01:00,BTCUSDT,74373.06,74335.87347,74410.24652999999,7.93836000
2026-04-14 02:02:00,BTCUSDT,74417.83,74380.621085,74455.038915,33.00640000
2026-04-14 02:03:00,BTCUSDT,74378.33,74341.14083500001,74415.51916499999,8.20013000
2026-04-14 02:04:00,BTCUSDT,74383.09,74345.898455,74420.28154499999,56.87945000
2026-04-14 02:05:00,BTCUSDT,74420.17,74382.959915,74457.380085,16.34810000
2026-04-14 02:06:00,BTCUSDT,74439.93,74402.710035,74477.14996499999,5.01771000
2026-04-14 02:07:00,BTCUSDT,74429.99,74392.775005,74467.20499500001,8.61497000
2026-04-14 02:08:00,BTCUSDT,74460.96,74423.72952000001,74498.19048,12.28983000
2026-04-14 02:09:00,BTCUSDT,74454.71,74417.48264500001,74491.937355,19.11269000
2026-04-14 02:10:00,BTCUSDT,74472.21,74434.97389500002,74509.446105,7.17279000
2026-04-14 02:11:00,BTCUSDT,74450.0,74412.77500000001,74487.22499999999,11.25446000
2026-04-14 02:12:00,BTCUSDT,74417.77,74380.561115,74454.978885,13.23550000
2026-04-14 02:13:00,BTCUSDT,74437.89,74400.671055,74475.108945,3.98618000
2026-04-14 02:14:00,BTCUSDT,74487.41,74450.166295,74524.653705,6.19895000
2026-04-14 02:15:00,BTCUSDT,74424.61,74387.397695,74461.822305,25.92058000
2026-04-14 02:16:00,BTCUSDT,74494.6,74457.3527,74531.84730000001,11.63637000
2026-04-14 02:17:00,BTCUSDT,74511.59,74474.334205,74548.84579499999,35.77397000
2026-04-14 02:18:00,BTCUSDT,74514.37,74477.112815,74551.62718499999,4.41848000
2026-04-14 02:19:00,BTCUSDT,74508.01,74470.755995,74545.26400499999,5.93279000
2026-04-14 02:20:00,BTCUSDT,74547.8,74510.5261,74585.0739,12.36088000
2026-04-14 02:21:00,BTCUSDT,74510.72,74473.46464,74547.97536,4.93561000
2026-04-14 02:22:00,BTCUSDT,74506.76,74469.50662,74544.01337999999,6.26558000
2026-04-14 02:23:00,BTCUSDT,74505.98,74468.72701,74543.23298999999,8.21670000
2026-04-14 02:24:00,BTCUSDT,74474.07,74436.83296500001,74511.307035,3.72331000
2026-04-14 02:25:00,BTCUSDT,74474.77,74437.532615,74512.007385,6.38492000
2026-04-14 02:26:00,BTCUSDT,74474.78,74437.54261,74512.01739,2.33803000
2026-04-14 02:27:00,BTCUSDT,74477.39,74440.151305,74514.62869499999,1.62393000
2026-04-14 02:28:00,BTCUSDT,74427.21,74389.99639500001,74464.423605,13.88955000
2026-04-14 02:29:00,BTCUSDT,74395.53,74358.33223500001,74432.72776499999,10.51330000
2026-04-14 02:30:00,BTCUSDT,74370.26,74333.07487,74407.44513,8.18056000
2026-04-14 02:31:00,BTCUSDT,74372.01,74334.823995,74409.19600499999,2.71797000
2026-04-14 02:32:00,BTCUSDT,74360.0,74322.82,74397.18,1.69010000
2026-04-14 02:33:00,BTCUSDT,74289.2,74252.0554,74326.3446,16.94233000
2026-04-14 02:34:00,BTCUSDT,74320.64,74283.47968,74357.80032,2.75724000
2026-04-14 02:35:00,BTCUSDT,74296.61,74259.461695,74333.758305,9.24886000
2026-04-14 02:36:00,BTCUSDT,74288.14,74250.99593,74325.28407,2.27680000
2026-04-14 02:37:00,BTCUSDT,74350.0,74312.825,74387.175,2.84421000
2026-04-14 02:38:00,BTCUSDT,74357.93,74320.751035,74395.10896499999,8.43202000
2026-04-14 02:39:00,BTCUSDT,74408.59,74371.38570500001,74445.79429499999,7.10236000
2026-04-14 02:40:00,BTCUSDT,74438.05,74400.830975,74475.269025,8.11872000
2026-04-14 02:41:00,BTCUSDT,74437.05,74399.83147500001,74474.26852499999,3.33841000
2026-04-14 02:42:00,BTCUSDT,74415.05,74377.84247500001,74452.257525,2.72383000
2026-04-14 02:43:00,BTCUSDT,74417.6,74380.39120000001,74454.8088,1.94498000
2026-04-14 02:44:00,BTCUSDT,74429.98,74392.76501,74467.19498999999,1.66113000
2026-04-14 02:45:00,BTCUSDT,74415.05,74377.84247500001,74452.257525,1.57479000
2026-04-14 02:46:00,BTCUSDT,74388.31,74351.11584500001,74425.50415499999,3.68892000
2026-04-14 02:47:00,BTCUSDT,74424.0,74386.788,74461.212,3.92041000
2026-04-14 02:48:00,BTCUSDT,74424.01,74386.797995,74461.22200499999,1.13631000
2026-04-14 02:49:00,BTCUSDT,74439.0,74401.78050000001,74476.21949999999,28.03751000
2026-04-14 02:50:00,BTCUSDT,74365.03,74327.847485,74402.21251499999,62.71027000
2026-04-14 02:51:00,BTCUSDT,74369.29,74332.10535499999,74406.474645,8.42250000
2026-04-14 02:52:00,BTCUSDT,74386.4,74349.2068,74423.59319999999,0.77315000
2026-04-14 02:53:00,BTCUSDT,74374.49,74337.30275500001,74411.677245,8.81138000
2026-04-14 02:54:00,BTCUSDT,74328.0,74290.83600000001,74365.16399999999,8.75522000
2026-04-14 02:55:00,BTCUSDT,74322.85,74285.68857500001,74360.011425,1.60841000
2026-04-14 02:56:00,BTCUSDT,74353.99,74316.813005,74391.166995,1.70730000
2026-04-14 02:57:00,BTCUSDT,74356.91,74319.731545,74394.088455,8.79251000
2026-04-14 02:58:00,BTCUSDT,74335.98,74298.81201,74373.14799,3.73034000
2026-04-14 02:59:00,BTCUSDT,74330.98,74293.81451,74368.14549,5.71096000
2026-04-14 03:00:00,BTCUSDT,74306.87,74269.716565,74344.023435,4.68363000
2026-04-14 03:01:00,BTCUSDT,74305.72,74268.56714,74342.87286,6.22204000
2026-04-14 03:02:00,BTCUSDT,74309.94,74272.78503000001,74347.09496999999,5.46586000
2026-04-14 03:03:00,BTCUSDT,74300.92,74263.76954000001,74338.07045999999,4.52945000
2026-04-14 03:04:00,BTCUSDT,74321.26,74284.09937,74358.42063,3.77979000
2026-04-14 03:05:00,BTCUSDT,74333.87,74296.703065,74371.036935,5.43417000
2026-04-14 03:06:00,BTCUSDT,74378.87,74341.680565,74416.05943499999,19.74417000
2026-04-14 03:07:00,BTCUSDT,74355.68,74318.50216,74392.85783999998,18.37728000
2026-04-14 03:08:00,BTCUSDT,74354.0,74316.823,74391.177,2.82011000
2026-04-14 03:09:00,BTCUSDT,74412.0,74374.79400000001,74449.20599999999,11.13574000
2026-04-14 03:10:00,BTCUSDT,74396.79,74359.591605,74433.988395,3.28527000
2026-04-14 03:11:00,BTCUSDT,74395.79,74358.592105,74432.98789499998,2.52219000
2026-04-14 03:12:00,BTCUSDT,74404.86,74367.65757000001,74442.06242999999,2.79278000
2026-04-14 03:13:00,BTCUSDT,74386.45,74349.256775,74423.64322499999,2.76150000
2026-04-14 03:14:00,BTCUSDT,74342.81,74305.638595,74379.981405,149.83159000
2026-04-14 03:15:00,BTCUSDT,74354.0,74316.823,74391.177,3.23309000
2026-04-14 03:16:00,BTCUSDT,74337.31,74300.141345,74374.478655,1.89806000
2026-04-14 03:17:00,BTCUSDT,74300.89,74263.73955500001,74338.04044499999,4.64646000
2026-04-14 03:18:00,BTCUSDT,74286.87,74249.726565,74324.01343499999,60.62739000
2026-04-14 03:19:00,BTCUSDT,74364.57,74327.387715,74401.75228500001,17.98378000
2026-04-14 03:20:00,BTCUSDT,74329.32,74292.15534000001,74366.48466,9.32398000
2026-04-14 03:21:00,BTCUSDT,74339.9,74302.73005,74377.06994999999,2.57143000
2026-04-14 03:22:00,BTCUSDT,74312.0,74274.844,74349.156,5.47018000
2026-04-14 03:23:00,BTCUSDT,74286.87,74249.726565,74324.01343499999,4.59344000
2026-04-14 03:24:00,BTCUSDT,74287.28,74250.13636,74324.42364,9.32720000
2026-04-14 03:25:00,BTCUSDT,74285.99,74248.847005,74323.132995,4.99498000
2026-04-14 03:26:00,BTCUSDT,74284.05,74246.90797500001,74321.192025,3.36228000
2026-04-14 03:27:00,BTCUSDT,74258.71,74221.58064500001,74295.839355,3.36851000
2026-04-14 03:28:00,BTCUSDT,74261.29,74224.159355,74298.42064499999,5.71163000
2026-04-14 03:29:00,BTCUSDT,74292.0,74254.854,74329.146,65.18477000
2026-04-14 03:30:00,BTCUSDT,74288.84,74251.69558,74325.98442,20.17248000
2026-04-14 03:31:00,BTCUSDT,74352.6,74315.42370000001,74389.7763,5.00325000
2026-04-14 03:32:00,BTCUSDT,74380.35,74343.15982500001,74417.540175,5.34334000
2026-04-14 03:33:00,BTCUSDT,74392.72,74355.52364,74429.91636,3.53501000
2026-04-14 03:34:00,BTCUSDT,74355.68,74318.50216,74392.85783999998,2.22649000
2026-04-14 03:35:00,BTCUSDT,74336.68,74299.51166,74373.84833999998,2.15919000
2026-04-14 03:36:00,BTCUSDT,74318.54,74281.38073,74355.69926999998,4.20225000
2026-04-14 03:37:00,BTCUSDT,74357.7,74320.52115,74394.87885,3.07061000
2026-04-14 03:38:00,BTCUSDT,74369.35,74332.16532500001,74406.534675,3.45316000
2026-04-14 03:39:00,BTCUSDT,74388.0,74350.806,74425.194,1.05106000
2026-04-14 03:40:00,BTCUSDT,74385.1,74347.90745000001,74422.29255,0.94499000
2026-04-14 03:41:00,BTCUSDT,74453.28,74416.05336,74490.50663999999,46.59692000
2026-04-14 03:42:00,BTCUSDT,74463.61,74426.378195,74500.841805,2.36332000
2026-04-14 03:43:00,BTCUSDT,74481.7,74444.45915,74518.94085,7.91754000
2026-04-14 03:44:00,BTCUSDT,74472.9,74435.66355,74510.13644999999,16.52048000
2026-04-14 03:45:00,BTCUSDT,74436.4,74399.18179999999,74473.6182,11.87528000
2026-04-14 03:46:00,BTCUSDT,74434.57,74397.35271500002,74471.787285,4.15221000
2026-04-14 03:47:00,BTCUSDT,74450.0,74412.77500000001,74487.22499999999,4.28630000
2026-04-14 03:48:00,BTCUSDT,74440.26,74403.03987,74477.48013,7.42538000
2026-04-14 03:49:00,BTCUSDT,74437.9,74400.68105,74475.11894999999,0.89173000
2026-04-14 03:50:00,BTCUSDT,74456.19,74418.961905,74493.418095,1.16466000
2026-04-14 03:51:00,BTCUSDT,74431.62,74394.40419,74468.83580999999,4.24685000
2026-04-14 03:52:00,BTCUSDT,74430.61,74393.39469500001,74467.82530499999,2.94243000
2026-04-14 03:53:00,BTCUSDT,74422.92,74385.70854,74460.13145999999,3.77933000
2026-04-14 03:54:00,BTCUSDT,74437.8,74400.58110000001,74475.0189,2.75648000
2026-04-14 03:55:00,BTCUSDT,74446.56,74409.33672,74483.78327999999,9.16330000
2026-04-14 03:56:00,BTCUSDT,74415.8,74378.59210000001,74453.0079,6.72534000
2026-04-14 03:57:00,BTCUSDT,74443.99,74406.768005,74481.211995,8.65149000
2026-04-14 03:58:00,BTCUSDT,74438.48,74401.26076,74475.69923999999,3.48961000
2026-04-14 03:59:00,BTCUSDT,74444.43,74407.20778499999,74481.652215,4.57623000
2026-04-14 04:00:00,BTCUSDT,74418.14,74380.93093,74455.34907,4.31248000
2026-04-14 04:01:00,BTCUSDT,74395.58,74358.38221000001,74432.77779,5.39509000
2026-04-14 04:02:00,BTCUSDT,74394.01,74356.812995,74431.20700499999,4.78061000
2026-04-14 04:03:00,BTCUSDT,74411.44,74374.23428,74448.64572,3.74221000
2026-04-14 04:04:00,BTCUSDT,74428.4,74391.18579999999,74465.6142,14.06260000
2026-04-14 04:05:00,BTCUSDT,74442.0,74404.77900000001,74479.22099999999,3.58282000
2026-04-14 04:06:00,BTCUSDT,74447.16,74409.93642000001,74484.38358,7.83747000
2026-04-14 04:07:00,BTCUSDT,74457.79,74420.561105,74495.01889499999,5.80618000
2026-04-14 04:08:00,BTCUSDT,74466.31,74429.076845,74503.54315499999,4.63675000
2026-04-14 04:09:00,BTCUSDT,74458.83,74421.60058500001,74496.059415,2.71388000
2026-04-14 04:10:00,BTCUSDT,74430.0,74392.785,74467.215,6.83615000
2026-04-14 04:11:00,BTCUSDT,74430.01,74392.794995,74467.22500499999,3.55925000
2026-04-14 04:12:00,BTCUSDT,74410.0,74372.795,74447.205,4.06337000
2026-04-14 04:13:00,BTCUSDT,74426.37,74389.156815,74463.583185,2.25582000
2026-04-14 04:14:00,BTCUSDT,74466.56,74429.32672,74503.79328,2.47281000
2026-04-14 04:15:00,BTCUSDT,74455.55,74418.32222500001,74492.777775,2.75379000
2026-04-14 04:16:00,BTCUSDT,74454.89,74417.662555,74492.117445,5.35995000
2026-04-14 04:17:00,BTCUSDT,74441.69,74404.46915500001,74478.91084499999,3.31751000
2026-04-14 04:18:00,BTCUSDT,74451.85,74414.62407500001,74489.075925,1.88403000
2026-04-14 04:19:00,BTCUSDT,74482.82,74445.57859,74520.06141000001,56.88201000
2026-04-14 04:20:00,BTCUSDT,74462.52,74425.28874,74499.75126,54.10385000
2026-04-14 04:21:00,BTCUSDT,74483.8,74446.55810000001,74521.0419,8.88237000
2026-04-14 04:22:00,BTCUSDT,74490.91,74453.664545,74528.155455,11.17879000
2026-04-14 04:23:00,BTCUSDT,74457.56,74420.33122000001,74494.78877999999,6.51023000
2026-04-14 04:24:00,BTCUSDT,74453.28,74416.05336,74490.50663999999,4.54666000
2026-04-14 04:25:00,BTCUSDT,74464.99,74427.75750500002,74502.222495,6.05034000
2026-04-14 04:26:00,BTCUSDT,74480.82,74443.57959000001,74518.06041,5.08457000
2026-04-14 04:27:00,BTCUSDT,74478.97,74441.730515,74516.209485,2.43083000
2026-04-14 04:28:00,BTCUSDT,74475.15,74437.912425,74512.38757499999,7.06170000
2026-04-14 04:29:00,BTCUSDT,74494.0,74456.753,74531.247,8.72822000
2026-04-14 04:30:00,BTCUSDT,74479.7,74442.46015,74516.93985,28.53970000
2026-04-14 04:31:00,BTCUSDT,74448.15,74410.925925,74485.37407499999,7.30914000
2026-04-14 04:32:00,BTCUSDT,74467.14,74429.90643,74504.37357,7.74536000
2026-04-14 04:33:00,BTCUSDT,74460.78,74423.54961,74498.01039,3.45191000
2026-04-14 04:34:00,BTCUSDT,74419.23,74382.020385,74456.439615,3.39257000
2026-04-14 04:35:00,BTCUSDT,74405.12,74367.91744,74442.32255999999,11.21522000
2026-04-14 04:36:00,BTCUSDT,74399.4,74362.2003,74436.59969999999,6.28514000
2026-04-14 04:37:00,BTCUSDT,74406.44,74369.23678,74443.64322,22.10215000
2026-04-14 04:38:00,BTCUSDT,74410.77,74373.56461500001,74447.975385,3.45980000
2026-04-14 04:39:00,BTCUSDT,74445.77,74408.54711500001,74482.992885,28.39404000
2026-04-14 04:40:00,BTCUSDT,74416.77,74379.56161500001,74453.978385,26.11810000
2026-04-14 04:41:00,BTCUSDT,74409.05,74371.84547500001,74446.254525,6.68956000
2026-04-14 04:42:00,BTCUSDT,74390.33,74353.134835,74427.525165,4.68337000
2026-04-14 04:43:00,BTCUSDT,74372.12,74334.93394,74409.30605999999,5.67447000
2026-04-14 04:44:00,BTCUSDT,74378.93,74341.74053499999,74416.119465,2.44341000
2026-04-14 04:45:00,BTCUSDT,74375.98,74338.79201,74413.16798999999,7.08893000
2026-04-14 04:46:00,BTCUSDT,74389.55,74352.355225,74426.744775,2.55298000
2026-04-14 04:47:00,BTCUSDT,74420.59,74383.379705,74457.800295,10.38619000
2026-04-14 04:48:00,BTCUSDT,74400.0,74362.8,74437.2,3.71678000
2026-04-14 04:49:00,BTCUSDT,74411.3,74374.09435000001,74448.50564999999,5.13709000
2026-04-14 04:50:00,BTCUSDT,74393.0,74355.80350000001,74430.19649999999,2.53699000
2026-04-14 04:51:00,BTCUSDT,74381.83,74344.639085,74419.020915,1.45835000
2026-04-14 04:52:00,BTCUSDT,74395.61,74358.41219500001,74432.80780499999,1.20840000
2026-04-14 04:53:00,BTCUSDT,74390.0,74352.80500000001,74427.19499999999,1.32076000
2026-04-14 04:54:00,BTCUSDT,74386.32,74349.12684000001,74423.51316,1.42712000
2026-04-14 04:55:00,BTCUSDT,74388.01,74350.815995,74425.20400499999,1.75856000
2026-04-14 04:56:00,BTCUSDT,74384.91,74347.717545,74422.102455,2.18014000
2026-04-14 04:57:00,BTCUSDT,74383.13,74345.938435,74420.321565,3.46069000
2026-04-14 04:58:00,BTCUSDT,74370.76,74333.57462,74407.94537999999,5.61923000
2026-04-14 04:59:00,BTCUSDT,74387.85,74350.656075,74425.043925,6.11714000
2026-04-14 05:00:00,BTCUSDT,74359.09,74321.910455,74396.26954499999,3.00939000
2026-04-14 05:01:00,BTCUSDT,74335.39,74298.222305,74372.557695,6.31145000
2026-04-14 05:02:00,BTCUSDT,74336.92,74299.75154,74374.08846,7.74518000
2026-04-14 05:03:00,BTCUSDT,74346.89,74309.716555,74384.06344499999,6.71432000
2026-04-14 05:04:00,BTCUSDT,74330.03,74292.86498500001,74367.19501499999,4.74373000
2026-04-14 05:05:00,BTCUSDT,74319.01,74281.850495,74356.16950499998,17.48796000
2026-04-14 05:06:00,BTCUSDT,74337.16,74299.99142,74374.32858,5.12303000
2026-04-14 05:07:00,BTCUSDT,74359.08,74321.90046,74396.25954,4.18932000
2026-04-14 05:08:00,BTCUSDT,74335.23,74298.062385,74372.397615,5.09094000
2026-04-14 05:09:00,BTCUSDT,74333.87,74296.703065,74371.036935,3.23612000
2026-04-14 05:10:00,BTCUSDT,74348.12,74310.94594,74385.29405999999,6.75205000
2026-04-14 05:11:00,BTCUSDT,74357.25,74320.071375,74394.428625,6.63755000
2026-04-14 05:12:00,BTCUSDT,74350.41,74313.23479500001,74387.585205,0.95038000
2026-04-14 05:13:00,BTCUSDT,74359.1,74321.92045,74396.27955,5.49585000
2026-04-14 05:14:00,BTCUSDT,74325.0,74287.83750000001,74362.16249999999,56.05656000
2026-04-14 05:15:00,BTCUSDT,74340.21,74303.03989500001,74377.380105,63.02201000
2026-04-14 05:16:00,BTCUSDT,74340.22,74303.04989000001,74377.39011,2.36649000
2026-04-14 05:17:00,BTCUSDT,74363.08,74325.89846000001,74400.26153999999,15.08621000
2026-04-14 05:18:00,BTCUSDT,74341.07,74303.89946500001,74378.240535,7.13925000
2026-04-14 05:19:00,BTCUSDT,74354.1,74316.92295000001,74391.27705,3.62047000
2026-04-14 05:20:00,BTCUSDT,74394.44,74357.24278,74431.63722,3.77595000
2026-04-14 05:21:00,BTCUSDT,74388.18,74350.98591,74425.37408999998,19.74350000
2026-04-14 05:22:00,BTCUSDT,74361.24,74324.05938,74398.42062,6.30985000
2026-04-14 05:23:00,BTCUSDT,74341.22,74304.04939,74378.39061,6.99457000
2026-04-14 05:24:00,BTCUSDT,74351.82,74314.64409000002,74388.99591,3.57192000
2026-04-14 05:25:00,BTCUSDT,74328.66,74291.49567,74365.82433,4.56178000
2026-04-14 05:26:00,BTCUSDT,74323.97,74286.808015,74361.131985,4.93916000
2026-04-14 05:27:00,BTCUSDT,74318.84,74281.68058,74355.99942,15.54180000
2026-04-14 05:28:00,BTCUSDT,74348.0,74310.826,74385.174,4.20208000
2026-04-14 05:29:00,BTCUSDT,74339.78,74302.61011000001,74376.94988999999,21.40202000
2026-04-14 05:30:00,BTCUSDT,74334.66,74297.49267,74371.82733,5.88505000
2026-04-14 05:31:00,BTCUSDT,74338.36,74301.19082,74375.52918,7.84495000
2026-04-14 05:32:00,BTCUSDT,74338.53,74301.36073500001,74375.69926499999,4.71543000
2026-04-14 05:33:00,BTCUSDT,74321.82,74284.65909000002,74358.98091,12.51843000
2026-04-14 05:34:00,BTCUSDT,74300.0,74262.85,74337.15,3.36908000
2026-04-14 05:35:00,BTCUSDT,74299.99,74262.840005,74337.139995,3.47234000
2026-04-14 05:36:00,BTCUSDT,74359.62,74322.44019,74396.79981,9.80344000
2026-04-14 05:37:00,BTCUSDT,74325.15,74287.987425,74362.31257499999,2.95433000
2026-04-14 05:38:00,BTCUSDT,74329.57,74292.405215,74366.73478500001,1.51714000
2026-04-14 05:39:00,BTCUSDT,74290.0,74252.85500000001,74327.14499999999,89.82322000
2026-04-14 05:40:00,BTCUSDT,74297.2,74260.0514,74334.3486,47.38620000
2026-04-14 05:41:00,BTCUSDT,74281.97,74244.82901500001,74319.11098499999,14.67794000
2026-04-14 05:42:00,BTCUSDT,74287.61,74250.466195,74324.753805,3.57827000
2026-04-14 05:43:00,BTCUSDT,74285.4,74248.2573,74322.54269999999,2.58560000
2026-04-14 05:44:00,BTCUSDT,74290.74,74253.59463,74327.88537,4.02523000
2026-04-14 05:45:00,BTCUSDT,74297.99,74260.84100500001,74335.138995,114.16438000
2026-04-14 05:46:00,BTCUSDT,74289.3,74252.15535,74326.44465,32.07757000
2026-04-14 05:47:00,BTCUSDT,74278.4,74241.2608,74315.53919999998,6.18981000
2026-04-14 05:48:00,BTCUSDT,74289.04,74251.89547999999,74326.18452,1.43233000
2026-04-14 05:49:00,BTCUSDT,74270.01,74232.874995,74307.14500499998,2.46065000
2026-04-14 05:50:00,BTCUSDT,74256.61,74219.48169500001,74293.73830499999,4.07008000
2026-04-14 05:51:00,BTCUSDT,74258.72,74221.59064000001,74295.84936,4.92122000
2026-04-14 05:52:00,BTCUSDT,74258.72,74221.59064000001,74295.84936,0.73910000
2026-04-14 05:53:00,BTCUSDT,74259.35,74222.22032500002,74296.479675,4.09452000
2026-04-14 05:54:00,BTCUSDT,74220.88,74183.76956000002,74257.99044,8.65864000
2026-04-14 05:55:00,BTCUSDT,74217.93,74180.821035,74255.03896499999,7.22537000
2026-04-14 05:56:00,BTCUSDT,74162.11,74125.028945,74199.191055,34.54173000
2026-04-14 05:57:00,BTCUSDT,74187.49,74150.39625500001,74224.583745,15.54084000
2026-04-14 05:58:00,BTCUSDT,74173.38,74136.29331000001,74210.46669,44.19806000
2026-04-14 05:59:00,BTCUSDT,74210.11,74173.00494500001,74247.215055,22.11777000
2026-04-14 06:00:00,BTCUSDT,74290.27,74253.124865,74327.415135,26.15628000
2026-04-14 06:01:00,BTCUSDT,74304.01,74266.857995,74341.16200499999,10.57431000
2026-04-14 06:02:00,BTCUSDT,74283.87,74246.728065,74321.01193499999,4.23178000
2026-04-14 06:03:00,BTCUSDT,74297.96,74260.81102000001,74335.10898,12.08527000
2026-04-14 06:04:00,BTCUSDT,74273.21,74236.07339500001,74310.346605,7.66834000
2026-04-14 06:05:00,BTCUSDT,74287.3,74250.15635,74324.44365,4.79665000
2026-04-14 06:06:00,BTCUSDT,74310.0,74272.845,74347.155,6.07624000
2026-04-14 06:07:00,BTCUSDT,74321.49,74284.329255,74358.650745,5.09159000
2026-04-14 06:08:00,BTCUSDT,74303.74,74266.58813,74340.89187,3.08237000
2026-04-14 06:09:00,BTCUSDT,74331.72,74294.55414000001,74368.88586,26.98835000
2026-04-14 06:10:00,BTCUSDT,74329.9,74292.73505,74367.06494999999,3.95321000
2026-04-14 06:11:00,BTCUSDT,74324.74,74287.57763000001,74361.90237,2.82210000
2026-04-14 06:12:00,BTCUSDT,74316.29,74279.131855,74353.44814499999,2.46774000
2026-04-14 06:13:00,BTCUSDT,74328.28,74291.11586,74365.44413999999,11.17691000
2026-04-14 06:14:00,BTCUSDT,74328.27,74291.105865,74365.434135,3.58035000
2026-04-14 06:15:00,BTCUSDT,74331.51,74294.344245,74368.67575499999,2.98235000
2026-04-14 06:16:00,BTCUSDT,74324.0,74286.838,74361.162,1.96829000
2026-04-14 06:17:00,BTCUSDT,74331.51,74294.344245,74368.67575499999,1.43103000
2026-04-14 06:18:00,BTCUSDT,74391.79,74354.594105,74428.98589499999,12.07966000
2026-04-14 06:19:00,BTCUSDT,74399.99,74362.790005,74437.18999500001,7.32705000
2026-04-14 06:20:00,BTCUSDT,74411.5,74374.29425,74448.70575,3.70618000
2026-04-14 06:21:00,BTCUSDT,74411.53,74374.32423500001,74448.73576499999,4.35451000
2026-04-14 06:22:00,BTCUSDT,74399.73,74362.530135,74436.929865,3.30831000
2026-04-14 06:23:00,BTCUSDT,74424.01,74386.797995,74461.22200499999,5.85256000
2026-04-14 06:24:00,BTCUSDT,74436.7,74399.48165,74473.91834999999,19.90666000
2026-04-14 06:25:00,BTCUSDT,74430.15,74392.934925,74467.365075,3.24761000
2026-04-14 06:26:00,BTCUSDT,74430.87,74393.654565,74468.08543499999,3.94907000
2026-04-14 06:27:00,BTCUSDT,74417.06,74379.85147000001,74454.26852999999,1.80655000
2026-04-14 06:28:00,BTCUSDT,74423.52,74386.30824000001,74460.73176,3.88901000
2026-04-14 06:29:00,BTCUSDT,74386.89,74349.696555,74424.083445,5.83185000
2026-04-14 06:30:00,BTCUSDT,74366.79,74329.606605,74403.973395,9.49634000
2026-04-14 06:31:00,BTCUSDT,74385.68,74348.48716,74422.87283999998,9.02248000
2026-04-14 06:32:00,BTCUSDT,74396.91,74359.71154500001,74434.108455,12.32006000
2026-04-14 06:33:00,BTCUSDT,74375.12,74337.93244,74412.30755999999,3.53302000
2026-04-14 06:34:00,BTCUSDT,74399.99,74362.790005,74437.18999500001,36.81337000
2026-04-14 06:35:00,BTCUSDT,74391.83,74354.63408500001,74429.02591499999,35.54598000
2026-04-14 06:36:00,BTCUSDT,74416.51,74379.301745,74453.71825499999,3.12757000
2026-04-14 06:37:00,BTCUSDT,74435.06,74397.84247,74472.27752999999,4.71365000
2026-04-14 06:38:00,BTCUSDT,74433.76,74396.54312,74470.97687999999,2.36374000
2026-04-14 06:39:00,BTCUSDT,74430.3,74393.08485000001,74467.51514999999,3.84871000
2026-04-14 06:40:00,BTCUSDT,74408.52,74371.31574,74445.72426,4.17575000
2026-04-14 06:41:00,BTCUSDT,74408.39,74371.185805,74445.594195,5.70679000
2026-04-14 06:42:00,BTCUSDT,74408.4,74371.1958,74445.60419999999,2.01086000
2026-04-14 06:43:00,BTCUSDT,74408.4,74371.1958,74445.60419999999,1.94530000
2026-04-14 06:44:00,BTCUSDT,74374.99,74337.80250500001,74412.177495,36.85079000
2026-04-14 06:45:00,BTCUSDT,74396.01,74358.811995,74433.208005,38.77966000
2026-04-14 06:46:00,BTCUSDT,74415.42,74378.21229,74452.62771,13.58678000
2026-04-14 06:47:00,BTCUSDT,74405.17,74367.967415,74442.37258499999,4.39645000
2026-04-14 06:48:00,BTCUSDT,74397.37,74360.171315,74434.56868499999,1.87569000
2026-04-14 06:49:00,BTCUSDT,74435.51,74398.292245,74472.72775499999,10.03038000
2026-04-14 06:50:00,BTCUSDT,74446.2,74408.9769,74483.4231,6.52956000
2026-04-14 06:51:00,BTCUSDT,74466.07,74428.83696500001,74503.303035,19.60405000
2026-04-14 06:52:00,BTCUSDT,74455.2,74417.9724,74492.4276,18.52093000
2026-04-14 06:53:00,BTCUSDT,74486.14,74448.89693,74523.38307,5.16492000
2026-04-14 06:54:00,BTCUSDT,74498.99,74461.74050500001,74536.239495,20.00493000
2026-04-14 06:55:00,BTCUSDT,74537.75,74500.481125,74575.018875,51.31986000
2026-04-14 06:56:00,BTCUSDT,74533.25,74495.98337500001,74570.51662499999,17.09427000
2026-04-14 06:57:00,BTCUSDT,74535.46,74498.19227000001,74572.72773,17.27194000
2026-04-14 06:58:00,BTCUSDT,74536.51,74499.24174499999,74573.778255,2.92414000
2026-04-14 06:59:00,BTCUSDT,74522.73,74485.468635,74559.991365,3.60137000
2026-04-14 07:00:00,BTCUSDT,74512.62,74475.36369,74549.87630999999,5.39896000
2026-04-14 07:01:00,BTCUSDT,74471.12,74433.88444,74508.35556,40.55019000
2026-04-14 07:02:00,BTCUSDT,74541.92,74504.64904,74579.19095999999,20.14900000
2026-04-14 07:03:00,BTCUSDT,74586.76,74549.46661999999,74624.05338,24.65337000
2026-04-14 07:04:00,BTCUSDT,74585.03,74547.737485,74622.32251499999,9.19128000
2026-04-14 07:05:00,BTCUSDT,74600.45,74563.149775,74637.750225,44.01129000
2026-04-14 07:06:00,BTCUSDT,74664.49,74627.15775500001,74701.822245,59.10295000
2026-04-14 07:07:00,BTCUSDT,74616.71,74579.401645,74654.01835500001,15.45117000
2026-04-14 07:08:00,BTCUSDT,74648.49,74611.16575500001,74685.814245,89.33981000
2026-04-14 07:09:00,BTCUSDT,74917.65,74880.191175,74955.10882499999,174.00262000
2026-04-14 07:10:00,BTCUSDT,74731.36,74693.99432,74768.72568,44.77301000
2026-04-14 07:11:00,BTCUSDT,74707.33,74669.976335,74744.683665,10.64373000
2026-04-14 07:12:00,BTCUSDT,74749.0,74711.62550000001,74786.37449999999,7.32984000
2026-04-14 07:13:00,BTCUSDT,74738.0,74700.63100000001,74775.36899999999,4.50936000
2026-04-14 07:14:00,BTCUSDT,74775.02,74737.63249,74812.40751,12.13736000
2026-04-14 07:15:00,BTCUSDT,74728.68,74691.31566,74766.04434,9.08951000
2026-04-14 07:16:00,BTCUSDT,74711.64,74674.28418,74748.99582,11.57739000
2026-04-14 07:17:00,BTCUSDT,74743.64,74706.26818,74781.01182,12.04839000
2026-04-14 07:18:00,BTCUSDT,74720.0,74682.64,74757.36,8.14525000
2026-04-14 07:19:00,BTCUSDT,74673.66,74636.32317,74710.99683,7.17836000
2026-04-14 07:20:00,BTCUSDT,74675.16,74637.82242000001,74712.49758,9.80815000
2026-04-14 07:21:00,BTCUSDT,74716.55,74679.19172500001,74753.908275,7.46581000
2026-04-14 07:22:00,BTCUSDT,74676.32,74638.98184000001,74713.65816,7.65828000
2026-04-14 07:23:00,BTCUSDT,74662.36,74625.02882,74699.69118,18.70993000
2026-04-14 07:24:00,BTCUSDT,74617.54,74580.23123,74654.84876999998,27.86944000
2026-04-14 07:25:00,BTCUSDT,74631.1,74593.78445,74668.41555,4.08744000
2026-04-14 07:26:00,BTCUSDT,74648.32,74610.99584000002,74685.64416,3.58080000
2026-04-14 07:27:00,BTCUSDT,74687.51,74650.166245,74724.85375499999,5.28253000
2026-04-14 07:28:00,BTCUSDT,74684.0,74646.65800000001,74721.34199999999,4.01277000
2026-04-14 07:29:00,BTCUSDT,74669.73,74632.395135,74707.064865,6.55009000
2026-04-14 07:30:00,BTCUSDT,74648.83,74611.505585,74686.154415,25.83910000
2026-04-14 07:31:00,BTCUSDT,74599.96,74562.66002000001,74637.25998,30.69572000
2026-04-14 07:32:00,BTCUSDT,74597.85,74560.55107500001,74635.148925,17.76157000
2026-04-14 07:33:00,BTCUSDT,74573.71,74536.42314500001,74610.996855,17.92668000
2026-04-14 07:34:00,BTCUSDT,74565.66,74528.37717,74602.94283,13.82348000
2026-04-14 07:35:00,BTCUSDT,74559.86,74522.58007000001,74597.13992999999,13.65941000
2026-04-14 07:36:00,BTCUSDT,74541.46,74504.18927000002,74578.73073,20.42087000
2026-04-14 07:37:00,BTCUSDT,74525.0,74487.7375,74562.2625,47.40344000
2026-04-14 07:38:00,BTCUSDT,74579.52,74542.23024,74616.80976,22.92472000
2026-04-14 07:39:00,BTCUSDT,74554.99,74517.712505,74592.26749500001,80.46698000
2026-04-14 07:40:00,BTCUSDT,74600.0,74562.7,74637.3,74.68518000
2026-04-14 07:41:00,BTCUSDT,74556.82,74519.54159000001,74594.09841,16.56548000
2026-04-14 07:42:00,BTCUSDT,74511.1,74473.84445,74548.35555000001,15.89628000
2026-04-14 07:43:00,BTCUSDT,74511.1,74473.84445,74548.35555000001,27.04646000
2026-04-14 07:44:00,BTCUSDT,74493.32,74456.07334000002,74530.56666,16.67061000
2026-04-14 07:45:00,BTCUSDT,74495.56,74458.31222,74532.80777999999,19.69532000
2026-04-14 07:46:00,BTCUSDT,74477.89,74440.65105500001,74515.12894499999,16.96305000
2026-04-14 07:47:00,BTCUSDT,74488.05,74450.80597500001,74525.294025,22.72580000
2026-04-14 07:48:00,BTCUSDT,74473.69,74436.45315500001,74510.926845,18.41521000
2026-04-14 07:49:00,BTCUSDT,74482.78,74445.53861,74520.02139,21.15295000
2026-04-14 07:50:00,BTCUSDT,74487.57,74450.32621500001,74524.813785,24.56150000
2026-04-14 07:51:00,BTCUSDT,74514.98,74477.72251,74552.23748999998,25.39570000
2026-04-14 07:52:00,BTCUSDT,74497.35,74460.10132500001,74534.598675,22.79733000
2026-04-14 07:53:00,BTCUSDT,74513.63,74476.373185,74550.886815,19.66902000
2026-04-14 07:54:00,BTCUSDT,74529.9,74492.63505,74567.16494999999,19.69522000
2026-04-14 07:55:00,BTCUSDT,74538.24,74500.97088000001,74575.50912,27.86833000
2026-04-14 07:56:00,BTCUSDT,74517.65,74480.391175,74554.90882499999,16.02240000
2026-04-14 07:57:00,BTCUSDT,74514.49,74477.232755,74551.747245,14.91741000
2026-04-14 07:58:00,BTCUSDT,74513.86,74476.60307000001,74551.11692999999,23.03073000
2026-04-14 07:59:00,BTCUSDT,74546.0,74508.727,74583.273,17.54956000
2026-04-14 08:00:00,BTCUSDT,74540.0,74502.73000000001,74577.26999999999,7.20788000
2026-04-14 08:01:00,BTCUSDT,74526.1,74488.83695000001,74563.36305,9.93741000
2026-04-14 08:02:00,BTCUSDT,74500.79,74463.539605,74538.04039499999,9.41923000
2026-04-14 08:03:00,BTCUSDT,74492.66,74455.41367000001,74529.90633,6.30251000
2026-04-14 08:04:00,BTCUSDT,74535.27,74498.00236500001,74572.537635,12.06799000
2026-04-14 08:05:00,BTCUSDT,74554.0,74516.723,74591.277,9.33142000
2026-04-14 08:06:00,BTCUSDT,74599.99,74562.69000500001,74637.289995,6.34685000
2026-04-14 08:07:00,BTCUSDT,74585.85,74548.557075,74623.14292500001,5.48487000
2026-04-14 08:08:00,BTCUSDT,74567.17,74529.886415,74604.453585,9.03461000
2026-04-14 08:09:00,BTCUSDT,74554.22,74516.94289,74591.49711,12.26799000
2026-04-14 08:10:00,BTCUSDT,74514.22,74476.96289000001,74551.47710999999,5.65332000
2026-04-14 08:11:00,BTCUSDT,74541.5,74504.22925,74578.77075,15.69088000
2026-04-14 08:12:00,BTCUSDT,74559.19,74521.910405,74596.469595,8.79597000
2026-04-14 08:13:00,BTCUSDT,74533.71,74496.44314500001,74570.976855,4.59894000
2026-04-14 08:14:00,BTCUSDT,74541.44,74504.16928,74578.71072,4.47565000
2026-04-14 08:15:00,BTCUSDT,74568.8,74531.51560000001,74606.08439999999,2.97542000
2026-04-14 08:16:00,BTCUSDT,74541.26,74503.98937,74578.53063,23.79561000
2026-04-14 08:17:00,BTCUSDT,74517.64,74480.38118,74554.89882,6.61177000
2026-04-14 08:18:00,BTCUSDT,74544.99,74507.71750500001,74582.262495,3.34419000
2026-04-14 08:19:00,BTCUSDT,74542.87,74505.598565,74580.141435,2.47590000
2026-04-14 08:20:00,BTCUSDT,74553.5,74516.22325000001,74590.77674999999,10.11741000
2026-04-14 08:21:00,BTCUSDT,74531.51,74494.244245,74568.775755,9.87769000
2026-04-14 08:22:00,BTCUSDT,74542.05,74504.77897500001,74579.321025,22.78764000
2026-04-14 08:23:00,BTCUSDT,74517.7,74480.44115,74554.95885,8.76499000
2026-04-14 08:24:00,BTCUSDT,74518.01,74480.750995,74555.269005,7.71247000
2026-04-14 08:25:00,BTCUSDT,74533.16,74495.89342000001,74570.42658,4.95995000
2026-04-14 08:26:00,BTCUSDT,74540.32,74503.04984,74577.59016,3.49840000
2026-04-14 08:27:00,BTCUSDT,74540.31,74503.039845,74577.58015499999,1.54925000
2026-04-14 08:28:00,BTCUSDT,74595.0,74557.7025,74632.2975,6.09877000
2026-04-14 08:29:00,BTCUSDT,74639.53,74602.210235,74676.84976499999,33.44851000
2026-04-14 08:30:00,BTCUSDT,74722.31,74684.948845,74759.67115499999,24.43391000
2026-04-14 08:31:00,BTCUSDT,74688.56,74651.21572000001,74725.90427999999,12.67654000
2026-04-14 08:32:00,BTCUSDT,74730.56,74693.19472,74767.92528,10.28670000
2026-04-14 08:33:00,BTCUSDT,74791.97,74754.574015,74829.365985,28.78217000
2026-04-14 08:34:00,BTCUSDT,74806.67,74769.266665,74844.073335,28.54497000
2026-04-14 08:35:00,BTCUSDT,74778.78,74741.39061,74816.16939,21.89214000
2026-04-14 08:36:00,BTCUSDT,74864.75,74827.31762500001,74902.18237499999,30.95417000
2026-04-14 08:37:00,BTCUSDT,74874.23,74836.792885,74911.66711499999,34.88850000
2026-04-14 08:38:00,BTCUSDT,74784.62,74747.22769,74822.01230999999,25.67591000
2026-04-14 08:39:00,BTCUSDT,74787.29,74749.896355,74824.68364499998,14.41369000
2026-04-14 08:40:00,BTCUSDT,74708.38,74671.02581,74745.73419,39.27286000
2026-04-14 08:41:00,BTCUSDT,74708.38,74671.02581,74745.73419,14.42119000
2026-04-14 08:42:00,BTCUSDT,74662.65,74625.318675,74699.98132499999,17.58027000
2026-04-14 08:43:00,BTCUSDT,74670.9,74633.56455,74708.23545,18.08898000
2026-04-14 08:44:00,BTCUSDT,74653.38,74616.05331,74690.70669,25.65208000
2026-04-14 08:45:00,BTCUSDT,74654.02,74616.69299000001,74691.34701,24.99949000
2026-04-14 08:46:00,BTCUSDT,74630.64,74593.32468,74667.95532,15.88670000
2026-04-14 08:47:00,BTCUSDT,74677.58,74640.24121000001,74714.91879,86.76470000
2026-04-14 08:48:00,BTCUSDT,74690.45,74653.104775,74727.795225,17.73240000
2026-04-14 08:49:00,BTCUSDT,74734.33,74696.96283500001,74771.69716499999,8.88040000
2026-04-14 08:50:00,BTCUSDT,74728.15,74690.785925,74765.51407499998,22.55728000
2026-04-14 08:51:00,BTCUSDT,74807.68,74770.27616,74845.08383999999,34.73294000
2026-04-14 08:52:00,BTCUSDT,74804.12,74766.71794,74841.52205999999,28.36879000
2026-04-14 08:53:00,BTCUSDT,74794.79,74757.392605,74832.18739499999,19.20806000
2026-04-14 08:54:00,BTCUSDT,74706.24,74668.88688,74743.59312,26.44595000
2026-04-14 08:55:00,BTCUSDT,74709.99,74672.635005,74747.344995,10.09500000
2026-04-14 08:56:00,BTCUSDT,74725.99,74688.627005,74763.35299500001,3.90032000
2026-04-14 08:57:00,BTCUSDT,74726.0,74688.637,74763.363,2.47899000
2026-04-14 08:58:00,BTCUSDT,74736.27,74698.901865,74773.638135,9.55451000
2026-04-14 08:59:00,BTCUSDT,74750.0,74712.625,74787.375,4.49586000
2026-04-14 09:00:00,BTCUSDT,74743.48,74706.10826,74780.85174,13.50289000
2026-04-14 09:01:00,BTCUSDT,74775.99,74738.60200500001,74813.377995,10.78122000
2026-04-14 09:02:00,BTCUSDT,74752.49,74715.11375500001,74789.866245,6.53466000
2026-04-14 09:03:00,BTCUSDT,74740.99,74703.61950500001,74778.360495,8.94231000
2026-04-14 09:04:00,BTCUSDT,74703.59,74666.238205,74740.94179499999,19.96166000
2026-04-14 09:05:00,BTCUSDT,74654.03,74616.702985,74691.357015,6.26427000
2026-04-14 09:06:00,BTCUSDT,74706.61,74669.256695,74743.963305,13.83587000
2026-04-14 09:07:00,BTCUSDT,74746.61,74709.236695,74783.983305,4.77651000
2026-04-14 09:08:00,BTCUSDT,74747.98,74710.60601,74785.35398999999,13.23967000
2026-04-14 09:09:00,BTCUSDT,74750.5,74713.12475,74787.87525,10.20027000
2026-04-14 09:10:00,BTCUSDT,74731.79,74694.424105,74769.15589499999,10.46387000
2026-04-14 09:11:00,BTCUSDT,74788.17,74750.775915,74825.56408499999,10.50441000
2026-04-14 09:12:00,BTCUSDT,74740.01,74702.639995,74777.38000499998,8.84530000
2026-04-14 09:13:00,BTCUSDT,74780.0,74742.61,74817.39,13.57303000
2026-04-14 09:14:00,BTCUSDT,74796.0,74758.602,74833.398,28.54955000
2026-04-14 09:15:00,BTCUSDT,74790.67,74753.274665,74828.06533499999,18.37482000
2026-04-14 09:16:00,BTCUSDT,74830.93,74793.514535,74868.34546499999,12.68081000
2026-04-14 09:17:00,BTCUSDT,74804.84,74767.43758,74842.24242,3.33463000
2026-04-14 09:18:00,BTCUSDT,74809.35,74771.94532500001,74846.754675,15.10797000
2026-04-14 09:19:00,BTCUSDT,74771.15,74733.764425,74808.53557499999,14.99559000
2026-04-14 09:20:00,BTCUSDT,74760.72,74723.33964,74798.10036,2.46648000
2026-04-14 09:21:00,BTCUSDT,74741.79,74704.419105,74779.160895,5.49763000
2026-04-14 09:22:00,BTCUSDT,74746.87,74709.496565,74784.243435,13.53270000
2026-04-14 09:23:00,BTCUSDT,74745.48,74708.10726,74782.85273999999,3.91022000
2026-04-14 09:24:00,BTCUSDT,74682.09,74644.748955,74719.43104499999,9.31002000
2026-04-14 09:25:00,BTCUSDT,74658.72,74621.39064000001,74696.04935999999,5.21386000
2026-04-14 09:26:00,BTCUSDT,74631.47,74594.154265,74668.785735,13.58796000
2026-04-14 09:27:00,BTCUSDT,74636.07,74598.75196500002,74673.388035,9.51465000
2026-04-14 09:28:00,BTCUSDT,74667.83,74630.496085,74705.163915,19.00654000
2026-04-14 09:29:00,BTCUSDT,74670.46,74633.12477000001,74707.79523,9.49732000
2026-04-14 09:30:00,BTCUSDT,74631.07,74593.754465,74668.38553500001,10.36094000
2026-04-14 09:31:00,BTCUSDT,74652.73,74615.403635,74690.056365,5.49529000
2026-04-14 09:32:00,BTCUSDT,74674.73,74637.392635,74712.067365,10.56444000
2026-04-14 09:33:00,BTCUSDT,74656.38,74619.05181,74693.70819,3.62910000
2026-04-14 09:34:00,BTCUSDT,74655.23,74617.902385,74692.557615,11.45186000
2026-04-14 09:35:00,BTCUSDT,74629.03,74591.71548500001,74666.34451499999,2.68392000
2026-04-14 09:36:00,BTCUSDT,74649.99,74612.665005,74687.31499500001,4.65664000
2026-04-14 09:37:00,BTCUSDT,74645.45,74608.127275,74682.77272499999,4.29310000
2026-04-14 09:38:00,BTCUSDT,74645.43,74608.10728499999,74682.752715,9.50931000
2026-04-14 09:39:00,BTCUSDT,74667.35,74630.016325,74704.68367500001,14.91347000
2026-04-14 09:40:00,BTCUSDT,74620.65,74583.339675,74657.960325,11.35292000
2026-04-14 09:41:00,BTCUSDT,74576.75,74539.46162500001,74614.03837499999,10.87705000
2026-04-14 09:42:00,BTCUSDT,74574.19,74536.90290500001,74611.477095,18.58948000
2026-04-14 09:43:00,BTCUSDT,74543.29,74506.018355,74580.561645,11.13030000
2026-04-14 09:44:00,BTCUSDT,74510.87,74473.614565,74548.125435,16.17072000
2026-04-14 09:45:00,BTCUSDT,74502.74,74465.48863,74539.99137,4.52064000
2026-04-14 09:46:00,BTCUSDT,74507.26,74470.00637,74544.51362999999,3.33031000
2026-04-14 09:47:00,BTCUSDT,74473.02,74435.78349,74510.25651,15.20574000
2026-04-14 09:48:00,BTCUSDT,74461.51,74424.279245,74498.74075499999,14.64551000
2026-04-14 09:49:00,BTCUSDT,74448.16,74410.93592,74485.38408,5.40380000
2026-04-14 09:50:00,BTCUSDT,74471.35,74434.11432500002,74508.585675,3.76895000
2026-04-14 09:51:00,BTCUSDT,74471.0,74433.7645,74508.2355,0.84785000
2026-04-14 09:52:00,BTCUSDT,74467.09,74429.856455,74504.32354499999,2.55074000
2026-04-14 09:53:00,BTCUSDT,74482.92,74445.67854000001,74520.16145999999,7.34970000
2026-04-14 09:54:00,BTCUSDT,74453.78,74416.55311000001,74491.00688999999,5.42927000
2026-04-14 09:55:00,BTCUSDT,74500.22,74462.96989000001,74537.47011,6.65426000
2026-04-14 09:56:00,BTCUSDT,74507.58,74470.32621,74544.83379,3.43145000
2026-04-14 09:57:00,BTCUSDT,74521.18,74483.91941,74558.44058999998,2.14625000
2026-04-14 09:58:00,BTCUSDT,74509.98,74472.72501,74547.23499,2.77058000
2026-04-14 09:59:00,BTCUSDT,74500.0,74462.75,74537.25,6.12442000
2026-04-14 10:00:00,BTCUSDT,74477.69,74440.451155,74514.928845,6.80955000
2026-04-14 10:01:00,BTCUSDT,74482.73,74445.488635,74519.97136499999,3.85063000
2026-04-14 10:02:00,BTCUSDT,74470.86,74433.62457,74508.09543,6.70913000
2026-04-14 10:03:00,BTCUSDT,74464.04,74426.80798,74501.27201999999,4.70943000
2026-04-14 10:04:00,BTCUSDT,74457.48,74420.25126,74494.70873999999,8.19279000
2026-04-14 10:05:00,BTCUSDT,74499.52,74462.27024000001,74536.76976,2.41057000
2026-04-14 10:06:00,BTCUSDT,74501.98,74464.72901,74539.23099,3.00289000
2026-04-14 10:07:00,BTCUSDT,74555.01,74517.732495,74592.28750499999,3.93477000
2026-04-14 10:08:00,BTCUSDT,74540.7,74503.42965,74577.97034999999,1.38272000
2026-04-14 10:09:00,BTCUSDT,74507.34,74470.08633,74544.59366999999,5.38486000
2026-04-14 10:10:00,BTCUSDT,74518.08,74480.82096000001,74555.33903999999,2.52598000
2026-04-14 10:11:00,BTCUSDT,74507.33,74470.076335,74544.583665,2.33290000
2026-04-14 10:12:00,BTCUSDT,74525.8,74488.5371,74563.0629,4.37481000
2026-04-14 10:13:00,BTCUSDT,74515.6,74478.34220000001,74552.8578,0.94682000
2026-04-14 10:14:00,BTCUSDT,74548.04,74510.76598,74585.31401999999,4.25191000
2026-04-14 10:15:00,BTCUSDT,74548.04,74510.76598,74585.31401999999,1.06096000
2026-04-14 10:16:00,BTCUSDT,74534.42,74497.15279000001,74571.68720999999,10.05141000
2026-04-14 10:17:00,BTCUSDT,74514.24,74476.98288000001,74551.49712,3.39611000
2026-04-14 10:18:00,BTCUSDT,74508.95,74471.695525,74546.20447499999,7.23522000
2026-04-14 10:19:00,BTCUSDT,74541.3,74504.02935000001,74578.57065,2.11631000
2026-04-14 10:20:00,BTCUSDT,74548.05,74510.77597500001,74585.324025,1.77352000
2026-04-14 10:21:00,BTCUSDT,74558.88,74521.60056,74596.15944,1.16861000
2026-04-14 10:22:00,BTCUSDT,74583.34,74546.04833,74620.63166999999,2.04086000
2026-04-14 10:23:00,BTCUSDT,74576.83,74539.541585,74614.118415,2.79376000
2026-04-14 10:24:00,BTCUSDT,74567.91,74530.62604500001,74605.193955,9.81255000
2026-04-14 10:25:00,BTCUSDT,74546.17,74508.896915,74583.44308499999,6.68192000
2026-04-14 10:26:00,BTCUSDT,74566.27,74528.98686500001,74603.553135,4.21137000
2026-04-14 10:27:00,BTCUSDT,74578.53,74541.240735,74615.819265,3.08631000
2026-04-14 10:28:00,BTCUSDT,74577.58,74540.29121000001,74614.86879,20.52711000
2026-04-14 10:29:00,BTCUSDT,74558.33,74521.050835,74595.609165,2.82540000
2026-04-14 10:30:00,BTCUSDT,74597.28,74559.98136,74634.57863999999,4.76683000
2026-04-14 10:31:00,BTCUSDT,74591.07,74553.77446500001,74628.365535,8.44286000
2026-04-14 10:32:00,BTCUSDT,74560.98,74523.69951,74598.26048999999,7.29070000
2026-04-14 10:33:00,BTCUSDT,74537.12,74499.85144,74574.38855999999,4.22311000
2026-04-14 10:34:00,BTCUSDT,74581.99,74544.699005,74619.28099500001,4.89993000
2026-04-14 10:35:00,BTCUSDT,74589.52,74552.22524000001,74626.81476,10.38808000
2026-04-14 10:36:00,BTCUSDT,74580.53,74543.23973500001,74617.82026499999,8.68644000
2026-04-14 10:37:00,BTCUSDT,74581.12,74543.82944,74618.41055999999,4.55423000
2026-04-14 10:38:00,BTCUSDT,74493.99,74456.74300500001,74531.236995,9.01204000
2026-04-14 10:39:00,BTCUSDT,74400.0,74362.8,74437.2,26.05269000
2026-04-14 10:40:00,BTCUSDT,74422.12,74384.90894,74459.33106,33.23674000
2026-04-14 10:41:00,BTCUSDT,74386.01,74348.816995,74423.20300499999,12.44748000
2026-04-14 10:42:00,BTCUSDT,74399.79,74362.590105,74436.98989499999,21.04463000
2026-04-14 10:43:00,BTCUSDT,74390.99,74353.79450500001,74428.185495,20.97047000
2026-04-14 10:44:00,BTCUSDT,74358.88,74321.70056000001,74396.05944,40.95436000
2026-04-14 10:45:00,BTCUSDT,74350.58,74313.40471,74387.75529,33.89000000
2026-04-14 10:46:00,BTCUSDT,74371.32,74334.13434,74408.50566000001,11.91749000
2026-04-14 10:47:00,BTCUSDT,74375.0,74337.8125,74412.1875,4.00539000
2026-04-14 10:48:00,BTCUSDT,74370.95,74333.764525,74408.13547499999,12.53796000
2026-04-14 10:49:00,BTCUSDT,74390.88,74353.68456000001,74428.07544,6.60725000
2026-04-14 10:50:00,BTCUSDT,74397.45,74360.251275,74434.64872499999,4.64346000
2026-04-14 10:51:00,BTCUSDT,74413.22,74376.01339000001,74450.42661,18.12064000
2026-04-14 10:52:00,BTCUSDT,74426.03,74388.816985,74463.243015,10.78771000
2026-04-14 10:53:00,BTCUSDT,74425.01,74387.79749499999,74462.222505,20.24893000
2026-04-14 10:54:00,BTCUSDT,74365.38,74328.19731,74402.56269,18.09092000
2026-04-14 10:55:00,BTCUSDT,74433.94,74396.72303000001,74471.15697,7.84606000
2026-04-14 10:56:00,BTCUSDT,74409.17,74371.965415,74446.374585,13.86131000
2026-04-14 10:57:00,BTCUSDT,74404.44,74367.23778000001,74441.64222,2.97637000
2026-04-14 10:58:00,BTCUSDT,74392.84,74355.64358,74430.03641999999,7.50791000
2026-04-14 10:59:00,BTCUSDT,74350.01,74312.834995,74387.18500499999,10.56995000
2026-04-14 11:00:00,BTCUSDT,74374.75,74337.562625,74411.937375,17.60348000
2026-04-14 11:01:00,BTCUSDT,74374.37,74337.182815,74411.557185,5.43477000
2026-04-14 11:02:00,BTCUSDT,74380.24,74343.04988,74417.43012,14.60676000
2026-04-14 11:03:00,BTCUSDT,74398.42,74361.22079,74435.61920999999,18.43320000
2026-04-14 11:04:00,BTCUSDT,74398.4,74361.20079999999,74435.5992,24.54925000
2026-04-14 11:05:00,BTCUSDT,74389.95,74352.755025,74427.14497499999,4.92469000
2026-04-14 11:06:00,BTCUSDT,74400.01,74362.809995,74437.21000499999,23.62347000
2026-04-14 11:07:00,BTCUSDT,74390.66,74353.46467,74427.85533,25.59847000
2026-04-14 11:08:00,BTCUSDT,74414.64,74377.43268,74451.84732,15.38650000
2026-04-14 11:09:00,BTCUSDT,74431.71,74394.494145,74468.92585500001,7.74263000
2026-04-14 11:10:00,BTCUSDT,74394.0,74356.803,74431.197,10.06318000
2026-04-14 11:11:00,BTCUSDT,74394.08,74356.88296,74431.27704,6.19708000
2026-04-14 11:12:00,BTCUSDT,74400.0,74362.8,74437.2,1.89200000
2026-04-14 11:13:00,BTCUSDT,74421.43,74384.219285,74458.64071499999,20.97343000
2026-04-14 11:14:00,BTCUSDT,74393.5,74356.30325,74430.69675,2.99311000
2026-04-14 11:15:00,BTCUSDT,74431.72,74394.50414,74468.93586,4.29904000
2026-04-14 11:16:00,BTCUSDT,74428.99,74391.77550500001,74466.204495,5.62337000
2026-04-14 11:17:00,BTCUSDT,74406.0,74368.797,74443.203,3.71797000
2026-04-14 11:18:00,BTCUSDT,74422.66,74385.44867000001,74459.87133,1.84093000
2026-04-14 11:19:00,BTCUSDT,74426.48,74389.26676,74463.69324,2.31302000
2026-04-14 11:20:00,BTCUSDT,74450.62,74413.39469,74487.84530999999,11.77349000
2026-04-14 11:21:00,BTCUSDT,74430.25,74393.034875,74467.465125,3.57596000
2026-04-14 11:22:00,BTCUSDT,74398.01,74360.81099499999,74435.209005,4.48822000
2026-04-14 11:23:00,BTCUSDT,74409.86,74372.65507000001,74447.06493,8.14910000
2026-04-14 11:24:00,BTCUSDT,74396.55,74359.351725,74433.748275,6.19062000
2026-04-14 11:25:00,BTCUSDT,74431.41,74394.19429500001,74468.625705,5.99506000
2026-04-14 11:26:00,BTCUSDT,74422.3,74385.08885,74459.51115,4.53008000
2026-04-14 11:27:00,BTCUSDT,74416.67,74379.461665,74453.878335,8.47325000
2026-04-14 11:28:00,BTCUSDT,74394.69,74357.49265500001,74431.887345,13.55222000
2026-04-14 11:29:00,BTCUSDT,74356.99,74319.811505,74394.168495,9.13964000
2026-04-14 11:30:00,BTCUSDT,74338.0,74300.831,74375.169,23.70845000
2026-04-14 11:31:00,BTCUSDT,74331.68,74294.51415999999,74368.84584,3.77928000
2026-04-14 11:32:00,BTCUSDT,74336.46,74299.29177000001,74373.62823,18.95874000
2026-04-14 11:33:00,BTCUSDT,74348.84,74311.66558,74386.01441999999,4.73245000
2026-04-14 11:34:00,BTCUSDT,74348.83,74311.655585,74386.004415,33.80664000
2026-04-14 11:35:00,BTCUSDT,74370.2,74333.0149,74407.3851,36.18512000
2026-04-14 11:36:00,BTCUSDT,74378.95,74341.760525,74416.13947499999,12.99881000
2026-04-14 11:37:00,BTCUSDT,74390.27,74353.074865,74427.465135,5.28727000
2026-04-14 11:38:00,BTCUSDT,74390.27,74353.074865,74427.465135,3.52925000
2026-04-14 11:39:00,BTCUSDT,74390.25,74353.054875,74427.445125,2.71251000
2026-04-14 11:40:00,BTCUSDT,74375.08,74337.89246,74412.26754,1.23186000
2026-04-14 11:41:00,BTCUSDT,74376.45,74339.261775,74413.63822499999,11.30887000
2026-04-14 11:42:00,BTCUSDT,74386.2,74349.00690000001,74423.39309999999,5.57965000
2026-04-14 11:43:00,BTCUSDT,74356.65,74319.471675,74393.828325,4.86910000
2026-04-14 11:44:00,BTCUSDT,74324.36,74287.19782,74361.52218,5.64068000
2026-04-14 11:45:00,BTCUSDT,74307.35,74270.19632500001,74344.503675,3.69522000
2026-04-14 11:46:00,BTCUSDT,74315.67,74278.51216500001,74352.82783499999,4.66650000
2026-04-14 11:47:00,BTCUSDT,74322.29,74285.128855,74359.45114499998,1.57956000
2026-04-14 11:48:00,BTCUSDT,74381.85,74344.659075,74419.04092500001,28.57586000
2026-04-14 11:49:00,BTCUSDT,74422.6,74385.38870000001,74459.8113,9.75501000
2026-04-14 11:50:00,BTCUSDT,74421.99,74384.779005,74459.200995,6.84371000
2026-04-14 11:51:00,BTCUSDT,74390.34,74353.14483,74427.53516999999,16.79661000
2026-04-14 11:52:00,BTCUSDT,74365.26,74328.07737,74402.44262999999,19.29123000
2026-04-14 11:53:00,BTCUSDT,74326.9,74289.73655,74364.06344999999,6.44967000
2026-04-14 11:54:00,BTCUSDT,74367.17,74329.986415,74404.35358499999,22.76444000
2026-04-14 11:55:00,BTCUSDT,74370.05,74332.864975,74407.235025,2.71327000
2026-04-14 11:56:00,BTCUSDT,74367.38,74330.19631000001,74404.56369,5.84732000
2026-04-14 11:57:00,BTCUSDT,74412.36,74375.15382,74449.56618,32.69600000
2026-04-14 11:58:00,BTCUSDT,74434.44,74397.22278000001,74471.65722,14.67152000
2026-04-14 11:59:00,BTCUSDT,74376.52,74339.33174000001,74413.70826,8.99960000
2026-04-14 12:00:00,BTCUSDT,74359.87,74322.690065,74397.04993499999,10.04062000
2026-04-14 12:01:00,BTCUSDT,74328.73,74291.565635,74365.89436499999,10.63340000
2026-04-14 12:02:00,BTCUSDT,74376.92,74339.73154000001,74414.10845999999,7.06067000
2026-04-14 12:03:00,BTCUSDT,74403.71,74366.50814500001,74440.911855,13.02726000
2026-04-14 12:04:00,BTCUSDT,74421.5,74384.28925,74458.71075,17.03390000
2026-04-14 12:05:00,BTCUSDT,74427.66,74390.44617000001,74464.87383,6.86196000
2026-04-14 12:06:00,BTCUSDT,74397.74,74360.54113000001,74434.93887,7.45220000
2026-04-14 12:07:00,BTCUSDT,74401.76,74364.55912,74438.96087999998,1.30452000
2026-04-14 12:08:00,BTCUSDT,74419.39,74382.180305,74456.599695,3.20586000
2026-04-14 12:09:00,BTCUSDT,74408.8,74371.5956,74446.0044,3.19647000
2026-04-14 12:10:00,BTCUSDT,74408.62,74371.41569,74445.82431,4.54918000
2026-04-14 12:11:00,BTCUSDT,74365.9,74328.71704999999,74403.08295,9.20620000
2026-04-14 12:12:00,BTCUSDT,74313.11,74275.953445,74350.266555,13.58715000
2026-04-14 12:13:00,BTCUSDT,74296.0,74258.852,74333.148,3.99184000
2026-04-14 12:14:00,BTCUSDT,74306.93,74269.776535,74344.08346499999,6.27292000
2026-04-14 12:15:00,BTCUSDT,74340.35,74303.17982500001,74377.520175,4.74670000
2026-04-14 12:16:00,BTCUSDT,74365.78,74328.59711,74402.96289,6.52801000
2026-04-14 12:17:00,BTCUSDT,74407.93,74370.726035,74445.13396499999,4.37143000
2026-04-14 12:18:00,BTCUSDT,74395.27,74358.07236500001,74432.467635,4.14298000
2026-04-14 12:19:00,BTCUSDT,74377.04,74339.85148,74414.22851999999,1.30229000
2026-04-14 12:20:00,BTCUSDT,74334.7,74297.53265000001,74371.86734999999,1.47967000
2026-04-14 12:21:00,BTCUSDT,74329.97,74292.805015,74367.134985,4.78888000
2026-04-14 12:22:00,BTCUSDT,74312.0,74274.844,74349.156,20.58572000
2026-04-14 12:23:00,BTCUSDT,74352.46,74315.28377000001,74389.63623,4.53808000
2026-04-14 12:24:00,BTCUSDT,74299.25,74262.10037500001,74336.39962499999,18.71918000
2026-04-14 12:25:00,BTCUSDT,74307.83,74270.676085,74344.983915,3.67780000
2026-04-14 12:26:00,BTCUSDT,74324.96,74287.79752000001,74362.12248,16.96671000
2026-04-14 12:27:00,BTCUSDT,74312.12,74274.96394,74349.27605999999,4.66808000
2026-04-14 12:28:00,BTCUSDT,74287.98,74250.83601,74325.12399,31.63843000
2026-04-14 12:29:00,BTCUSDT,74293.55,74256.403225,74330.696775,12.23009000
2026-04-14 12:30:00,BTCUSDT,74381.99,74344.79900500001,74419.180995,19.00115000
2026-04-14 12:31:00,BTCUSDT,74330.12,74292.95494,74367.28506,13.19660000
2026-04-14 12:32:00,BTCUSDT,74389.39,74352.195305,74426.584695,4.63499000
2026-04-14 12:33:00,BTCUSDT,74340.5,74303.32975,74377.67025,3.21132000
2026-04-14 12:34:00,BTCUSDT,74347.95,74310.776025,74385.123975,5.13093000
2026-04-14 12:35:00,BTCUSDT,74328.0,74290.83600000001,74365.16399999999,3.74720000
2026-04-14 12:36:00,BTCUSDT,74359.85,74322.67007500002,74397.029925,8.21924000
2026-04-14 12:37:00,BTCUSDT,74305.4,74268.2473,74342.55269999999,3.58290000
2026-04-14 12:38:00,BTCUSDT,74336.82,74299.65159000001,74373.98841,5.43889000
2026-04-14 12:39:00,BTCUSDT,74340.01,74302.839995,74377.18000499999,2.74988000
2026-04-14 12:40:00,BTCUSDT,74379.62,74342.43019,74416.80980999999,4.38133000
2026-04-14 12:41:00,BTCUSDT,74392.45,74355.253775,74429.64622499999,5.94915000
2026-04-14 12:42:00,BTCUSDT,74360.93,74323.749535,74398.11046499999,4.70840000
2026-04-14 12:43:00,BTCUSDT,74320.64,74283.47968,74357.80032,5.27295000
2026-04-14 12:44:00,BTCUSDT,74307.87,74270.716065,74345.02393499999,12.09880000
2026-04-14 12:45:00,BTCUSDT,74335.23,74298.062385,74372.397615,25.23251000
2026-04-14 12:46:00,BTCUSDT,74333.99,74296.82300500001,74371.156995,2.16936000
2026-04-14 12:47:00,BTCUSDT,74333.99,74296.82300500001,74371.156995,2.59677000
2026-04-14 12:48:00,BTCUSDT,74362.38,74325.19881,74399.56119000001,3.41533000
2026-04-14 12:49:00,BTCUSDT,74377.42,74340.23129,74414.60871,2.04483000
2026-04-14 12:50:00,BTCUSDT,74400.0,74362.8,74437.2,12.76851000
2026-04-14 12:51:00,BTCUSDT,74414.89,74377.682555,74452.09744499999,8.75753000
2026-04-14 12:52:00,BTCUSDT,74390.14,74352.94493,74427.33507,15.58758000
2026-04-14 12:53:00,BTCUSDT,74347.08,74309.90646000001,74384.25353999999,19.73932000
2026-04-14 12:54:00,BTCUSDT,74399.42,74362.22029,74436.61971,4.18947000
2026-04-14 12:55:00,BTCUSDT,74404.3,74367.09785,74441.50215,6.79763000
2026-04-14 12:56:00,BTCUSDT,74441.71,74404.48914500001,74478.930855,6.70559000
2026-04-14 12:57:00,BTCUSDT,74402.3,74365.09885000001,74439.50115,22.83385000
2026-04-14 12:58:00,BTCUSDT,74445.0,74407.77750000001,74482.22249999999,14.21801000
2026-04-14 12:59:00,BTCUSDT,74452.0,74414.774,74489.226,7.32996000
2026-04-14 13:00:00,BTCUSDT,74487.92,74450.67604,74525.16395999999,15.72086000
2026-04-14 13:01:00,BTCUSDT,74505.99,74468.737005,74543.24299500001,17.06993000
2026-04-14 13:02:00,BTCUSDT,74569.05,74531.76547500001,74606.334525,7.04718000
